UNITID,pell_omachrt,nonpell_omachrt,pell_omawdn8,nonpell_omawdn8,pell_fail,nonpell_rate,pell_rate
100654,1173.0,479.0,316.0,159.0,857.0,0.33194154488517746,0.2693947144075021
100663,798.0,1202.0,463.0,864.0,335.0,0.718801996672213,0.5802005012531328
100706,250.0,976.0,128.0,656.0,122.0,0.6721311475409836,0.512
100724,926.0,294.0,253.0,94.0,673.0,0.3197278911564626,0.2732181425485961
100751,1305.0,6305.0,786.0,4820.0,519.0,0.7644726407613005,0.6022988505747127
100760,236.0,160.0,63.0,65.0,173.0,0.40625,0.2669491525423729
100830,310.0,282.0,117.0,101.0,193.0,0.35815602836879434,0.3774193548387097
100858,580.0,3953.0,418.0,3273.0,162.0,0.8279787503162155,0.7206896551724138
101028,224.0,124.0,57.0,39.0,167.0,0.31451612903225806,0.2544642857142857
101143,180.0,139.0,48.0,39.0,132.0,0.2805755395683453,0.26666666666666666
101161,1033.0,1063.0,235.0,342.0,798.0,0.3217309501411101,0.22749273959341723
101189,273.0,127.0,114.0,72.0,159.0,0.5669291338582677,0.4175824175824176
101240,768.0,420.0,227.0,192.0,541.0,0.45714285714285713,0.2955729166666667
101286,574.0,349.0,193.0,178.0,381.0,0.5100286532951289,0.3362369337979094
101295,582.0,438.0,236.0,247.0,346.0,0.5639269406392694,0.4054982817869416
101301,431.0,63.0,162.0,29.0,269.0,0.4603174603174603,0.37587006960556846
101365,52.0,56.0,17.0,37.0,35.0,0.6607142857142857,0.3269230769230769
101435,111.0,172.0,50.0,91.0,61.0,0.5290697674418605,0.45045045045045046
101462,133.0,31.0,18.0,9.0,115.0,0.2903225806451613,0.13533834586466165
101480,540.0,793.0,235.0,469.0,305.0,0.5914249684741488,0.4351851851851852
101505,620.0,593.0,145.0,185.0,475.0,0.31197301854974707,0.23387096774193547
101514,661.0,773.0,224.0,345.0,437.0,0.4463130659767141,0.3388804841149773
101569,607.0,123.0,168.0,53.0,439.0,0.43089430894308944,0.27677100494233936
101587,209.0,178.0,75.0,75.0,134.0,0.42134831460674155,0.3588516746411483
101602,363.0,127.0,151.0,69.0,212.0,0.5433070866141733,0.41597796143250687
101648,115.0,179.0,33.0,57.0,82.0,0.31843575418994413,0.28695652173913044
101675,384.0,47.0,160.0,24.0,224.0,0.5106382978723404,0.4166666666666667
101693,93.0,134.0,38.0,106.0,55.0,0.7910447761194029,0.40860215053763443
101709,186.0,298.0,93.0,175.0,93.0,0.587248322147651,0.5
101736,564.0,279.0,208.0,157.0,356.0,0.5627240143369175,0.36879432624113473
101879,476.0,734.0,197.0,452.0,279.0,0.6158038147138964,0.41386554621848737
101897,394.0,197.0,182.0,137.0,212.0,0.6954314720812182,0.4619289340101523
101912,227.0,173.0,85.0,108.0,142.0,0.6242774566473989,0.3744493392070485
102030,675.0,218.0,182.0,137.0,493.0,0.6284403669724771,0.2696296296296296
102049,110.0,809.0,77.0,637.0,33.0,0.7873918417799752,0.7
102067,426.0,263.0,75.0,97.0,351.0,0.3688212927756654,0.176056338028169
102076,397.0,230.0,130.0,112.0,267.0,0.48695652173913045,0.327455919395466
102094,754.0,1268.0,354.0,648.0,400.0,0.5110410094637224,0.46949602122015915
102234,133.0,258.0,65.0,173.0,68.0,0.6705426356589147,0.48872180451127817
102298,48.0,31.0,21.0,7.0,27.0,0.22580645161290322,0.4375
102313,234.0,145.0,78.0,92.0,156.0,0.6344827586206897,0.3333333333333333
102368,857.0,1129.0,334.0,590.0,523.0,0.5225863596102746,0.3897316219369895
102377,394.0,273.0,301.0,183.0,93.0,0.6703296703296703,0.7639593908629442
102429,519.0,269.0,131.0,145.0,388.0,0.5390334572490706,0.2524084778420039
102553,480.0,1008.0,140.0,401.0,340.0,0.3978174603174603,0.2916666666666667
102614,205.0,554.0,64.0,269.0,141.0,0.4855595667870036,0.3121951219512195
102632,49.0,88.0,10.0,40.0,39.0,0.45454545454545453,0.20408163265306123
102845,1019.0,265.0,557.0,148.0,462.0,0.5584905660377358,0.5466143277723258
103501,149.0,68.0,111.0,60.0,38.0,0.8823529411764706,0.7449664429530202
103893,396.0,99.0,270.0,61.0,126.0,0.6161616161616161,0.6818181818181818
103909,213.0,76.0,150.0,50.0,63.0,0.6578947368421053,0.704225352112676
103927,161.0,38.0,111.0,26.0,50.0,0.6842105263157895,0.6894409937888198
103963,445.0,216.0,297.0,144.0,148.0,0.6666666666666666,0.6674157303370787
104151,3747.0,8048.0,2287.0,5793.0,1460.0,0.7198061630218688,0.6103549506271684
104160,864.0,326.0,283.0,116.0,581.0,0.3558282208588957,0.3275462962962963
104179,1555.0,4662.0,953.0,3326.0,602.0,0.7134277134277134,0.6128617363344051
104346,436.0,409.0,110.0,100.0,326.0,0.24449877750611246,0.25229357798165136
104425,330.0,1983.0,126.0,242.0,204.0,0.12203731719616742,0.38181818181818183
104577,332.0,859.0,88.0,231.0,244.0,0.2689173457508731,0.26506024096385544
104586,143.0,484.0,98.0,357.0,45.0,0.737603305785124,0.6853146853146853
104708,1071.0,950.0,284.0,302.0,787.0,0.3178947368421053,0.26517273576097106
104717,1027.0,1579.0,425.0,805.0,602.0,0.5098163394553515,0.41382667964946446
105145,209.0,211.0,54.0,77.0,155.0,0.36492890995260663,0.2583732057416268
105154,938.0,1161.0,195.0,279.0,743.0,0.24031007751937986,0.20788912579957355
105206,132.0,135.0,31.0,17.0,101.0,0.1259259259259259,0.23484848484848486
105215,179.0,176.0,118.0,139.0,61.0,0.7897727272727273,0.659217877094972
105297,111.0,34.0,16.0,5.0,95.0,0.14705882352941177,0.14414414414414414
105330,1834.0,3332.0,962.0,2116.0,872.0,0.6350540216086434,0.52453653217012
105349,102.0,165.0,39.0,66.0,63.0,0.4,0.38235294117647056
105428,610.0,403.0,146.0,101.0,464.0,0.2506203473945409,0.23934426229508196
105525,1085.0,956.0,321.0,381.0,764.0,0.3985355648535565,0.295852534562212
105534,371.0,156.0,279.0,109.0,92.0,0.6987179487179487,0.7520215633423181
105543,209.0,35.0,143.0,19.0,66.0,0.5428571428571428,0.6842105263157895
105659,368.0,115.0,238.0,79.0,130.0,0.6869565217391305,0.6467391304347826
105668,225.0,724.0,27.0,664.0,198.0,0.9171270718232044,0.12
105747,296.0,514.0,72.0,131.0,224.0,0.25486381322957197,0.24324324324324326
105792,339.0,170.0,88.0,49.0,251.0,0.28823529411764703,0.25958702064896755
105899,41.0,97.0,13.0,54.0,28.0,0.5567010309278351,0.3170731707317073
106041,402.0,293.0,281.0,234.0,121.0,0.7986348122866894,0.6990049751243781
106148,285.0,242.0,108.0,118.0,177.0,0.48760330578512395,0.37894736842105264
106245,439.0,363.0,165.0,180.0,274.0,0.49586776859504134,0.37585421412300685
106306,235.0,38.0,56.0,0.0,179.0,0.0,0.23829787234042554
106342,71.0,133.0,27.0,50.0,44.0,0.37593984962406013,0.38028169014084506
106397,977.0,4028.0,554.0,2961.0,423.0,0.7351042701092354,0.5670419651995906
106412,616.0,178.0,237.0,93.0,379.0,0.5224719101123596,0.3847402597402597
106449,477.0,405.0,218.0,181.0,259.0,0.4469135802469136,0.4570230607966457
106458,666.0,1061.0,327.0,609.0,339.0,0.5739868049010367,0.49099099099099097
106467,1076.0,912.0,513.0,561.0,563.0,0.6151315789473685,0.4767657992565056
106485,378.0,175.0,125.0,95.0,253.0,0.5428571428571428,0.3306878306878307
106625,293.0,115.0,88.0,73.0,205.0,0.6347826086956522,0.3003412969283277
106704,811.0,1116.0,349.0,636.0,462.0,0.5698924731182796,0.43033292231812575
106713,62.0,65.0,18.0,32.0,44.0,0.49230769230769234,0.2903225806451613
106795,153.0,75.0,88.0,26.0,65.0,0.3466666666666667,0.5751633986928104
106810,45.0,39.0,13.0,13.0,32.0,0.3333333333333333,0.28888888888888886
106883,147.0,84.0,50.0,46.0,97.0,0.5476190476190477,0.3401360544217687
106980,327.0,165.0,102.0,29.0,225.0,0.17575757575757575,0.3119266055045872
106999,196.0,111.0,91.0,51.0,105.0,0.4594594594594595,0.4642857142857143
107044,263.0,755.0,153.0,560.0,110.0,0.7417218543046358,0.5817490494296578
107071,417.0,346.0,146.0,163.0,271.0,0.47109826589595377,0.3501199040767386
107080,109.0,242.0,71.0,171.0,38.0,0.7066115702479339,0.6513761467889908
107141,98.0,229.0,59.0,174.0,39.0,0.759825327510917,0.6020408163265306
107318,149.0,30.0,48.0,15.0,101.0,0.5,0.3221476510067114
107327,149.0,83.0,88.0,39.0,61.0,0.46987951807228917,0.5906040268456376
107460,343.0,132.0,107.0,56.0,236.0,0.42424242424242425,0.3119533527696793
107512,129.0,280.0,69.0,194.0,60.0,0.6928571428571428,0.5348837209302325
107521,100.0,48.0,40.0,23.0,60.0,0.4791666666666667,0.4
107549,198.0,31.0,126.0,16.0,72.0,0.5161290322580645,0.6363636363636364
107558,94.0,101.0,32.0,48.0,62.0,0.4752475247524752,0.3404255319148936
107585,308.0,201.0,120.0,113.0,188.0,0.5621890547263682,0.38961038961038963
107600,224.0,65.0,99.0,31.0,125.0,0.47692307692307695,0.4419642857142857
107619,99.0,30.0,49.0,19.0,50.0,0.6333333333333333,0.494949494949495
107637,170.0,40.0,58.0,12.0,112.0,0.3,0.3411764705882353
107664,356.0,198.0,114.0,88.0,242.0,0.4444444444444444,0.3202247191011236
107725,236.0,61.0,113.0,34.0,123.0,0.5573770491803278,0.4788135593220339
107877,59.0,54.0,28.0,23.0,31.0,0.42592592592592593,0.4745762711864407
107974,85.0,70.0,41.0,33.0,44.0,0.4714285714285714,0.4823529411764706
107983,503.0,384.0,192.0,202.0,311.0,0.5260416666666666,0.3817097415506958
107992,136.0,172.0,74.0,136.0,62.0,0.7906976744186046,0.5441176470588235
108092,565.0,468.0,255.0,226.0,310.0,0.4829059829059829,0.45132743362831856
108232,220.0,529.0,58.0,284.0,162.0,0.5368620037807184,0.2636363636363636
108667,164.0,148.0,75.0,59.0,89.0,0.39864864864864863,0.4573170731707317
108807,530.0,577.0,246.0,284.0,284.0,0.49220103986135183,0.4641509433962264
108852,59.0,112.0,27.0,78.0,32.0,0.6964285714285714,0.4576271186440678
109040,312.0,70.0,217.0,46.0,95.0,0.6571428571428571,0.6955128205128205
109208,796.0,907.0,301.0,386.0,495.0,0.4255788313120176,0.37814070351758794
109350,811.0,465.0,342.0,237.0,469.0,0.5096774193548387,0.4217016029593095
109651,53.0,188.0,43.0,145.0,10.0,0.7712765957446809,0.8113207547169812
109785,341.0,794.0,212.0,587.0,129.0,0.739294710327456,0.6217008797653959
109819,1418.0,980.0,514.0,382.0,904.0,0.38979591836734695,0.3624823695345557
109907,209.0,81.0,76.0,35.0,133.0,0.43209876543209874,0.36363636363636365
110097,237.0,630.0,153.0,484.0,84.0,0.7682539682539683,0.6455696202531646
110219,645.0,126.0,177.0,40.0,468.0,0.31746031746031744,0.2744186046511628
110246,826.0,657.0,369.0,323.0,457.0,0.4916286149162861,0.4467312348668281
110334,431.0,721.0,194.0,362.0,237.0,0.5020804438280166,0.45011600928074247
110361,486.0,662.0,283.0,461.0,203.0,0.6963746223564955,0.5823045267489712
110370,65.0,205.0,36.0,163.0,29.0,0.7951219512195122,0.5538461538461539
110404,31.0,204.0,28.0,194.0,3.0,0.9509803921568627,0.9032258064516129
110413,184.0,472.0,134.0,345.0,50.0,0.7309322033898306,0.7282608695652174
110422,601.0,3724.0,492.0,3271.0,109.0,0.8783566058002148,0.8186356073211315
110486,870.0,451.0,436.0,258.0,434.0,0.5720620842572062,0.5011494252873563
110495,843.0,530.0,499.0,317.0,344.0,0.5981132075471698,0.5919335705812574
110510,1862.0,904.0,1085.0,556.0,777.0,0.6150442477876106,0.5827067669172933
110529,1807.0,2273.0,1223.0,1695.0,584.0,0.7457105147382315,0.6768123962368566
110538,1199.0,1545.0,732.0,1115.0,467.0,0.7216828478964401,0.6105087572977481
110547,861.0,400.0,442.0,207.0,419.0,0.5175,0.5133565621370499
110556,2034.0,1216.0,1200.0,781.0,834.0,0.6422697368421053,0.5899705014749262
110565,2003.0,2296.0,1407.0,1733.0,596.0,0.7547909407665505,0.7024463305042437
110574,852.0,755.0,397.0,404.0,455.0,0.5350993377483444,0.465962441314554
110583,2024.0,2129.0,1494.0,1640.0,530.0,0.7703147017379052,0.7381422924901185
110592,2588.0,1087.0,1455.0,622.0,1133.0,0.5722171113155474,0.5622102009273571
110608,2727.0,1747.0,1576.0,1136.0,1151.0,0.6502575844304522,0.577924459112578
110617,2018.0,1673.0,1172.0,1035.0,846.0,0.6186491332934848,0.5807730426164519
110635,1215.0,5050.0,1101.0,4844.0,114.0,0.9592079207920792,0.9061728395061729
110644,1893.0,3788.0,1569.0,3399.0,324.0,0.8973072861668426,0.8288431061806656
110653,2471.0,4072.0,2122.0,3593.0,349.0,0.8823673870333988,0.858761634965601
110662,1959.0,4588.0,1760.0,4346.0,199.0,0.9472537053182214,0.8984175599795814
110671,3024.0,2321.0,2305.0,1817.0,719.0,0.7828522188711762,0.7622354497354498
110680,1756.0,3958.0,1504.0,3581.0,252.0,0.9047498736735725,0.856492027334852
110705,1678.0,3309.0,1409.0,2923.0,269.0,0.8833484436385615,0.8396901072705601
110714,1358.0,2845.0,1068.0,2210.0,290.0,0.7768014059753954,0.7864506627393225
111081,37.0,163.0,19.0,110.0,18.0,0.6748466257668712,0.5135135135135135
111188,64.0,172.0,40.0,110.0,24.0,0.6395348837209303,0.625
111434,68.0,258.0,31.0,104.0,37.0,0.40310077519379844,0.45588235294117646
111461,675.0,1171.0,349.0,651.0,326.0,0.555935098206661,0.5170370370370371
111887,1129.0,815.0,520.0,401.0,609.0,0.4920245398773006,0.46058458813108943
111896,107.0,161.0,26.0,61.0,81.0,0.37888198757763975,0.24299065420560748
111920,477.0,665.0,234.0,318.0,243.0,0.4781954887218045,0.49056603773584906
111939,950.0,925.0,417.0,400.0,533.0,0.43243243243243246,0.43894736842105264
111948,281.0,1314.0,224.0,1106.0,57.0,0.8417047184170472,0.797153024911032
112075,120.0,300.0,72.0,190.0,48.0,0.6333333333333333,0.6
112172,675.0,882.0,354.0,474.0,321.0,0.5374149659863946,0.5244444444444445
112190,463.0,954.0,256.0,436.0,207.0,0.4570230607966457,0.5529157667386609
112260,37.0,284.0,37.0,256.0,0.0,0.9014084507042254,1.0
112385,147.0,120.0,50.0,37.0,97.0,0.30833333333333335,0.3401360544217687
112394,53.0,55.0,21.0,34.0,32.0,0.6181818181818182,0.39622641509433965
112561,118.0,137.0,39.0,50.0,79.0,0.36496350364963503,0.3305084745762712
112570,55.0,80.0,16.0,47.0,39.0,0.5875,0.2909090909090909
112686,314.0,253.0,111.0,55.0,203.0,0.21739130434782608,0.3535031847133758
112826,200.0,232.0,82.0,105.0,118.0,0.4525862068965517,0.41
113096,539.0,652.0,273.0,291.0,266.0,0.44631901840490795,0.5064935064935064
113111,230.0,360.0,94.0,169.0,136.0,0.46944444444444444,0.40869565217391307
113193,298.0,710.0,155.0,378.0,143.0,0.532394366197183,0.5201342281879194
113218,390.0,307.0,178.0,126.0,212.0,0.41042345276872966,0.4564102564102564
113236,636.0,796.0,328.0,427.0,308.0,0.5364321608040201,0.5157232704402516
113333,800.0,2272.0,560.0,1599.0,240.0,0.7037852112676056,0.7
113573,710.0,495.0,330.0,192.0,380.0,0.3878787878787879,0.4647887323943662
113634,317.0,1451.0,188.0,854.0,129.0,0.5885596140592695,0.5930599369085173
113698,79.0,189.0,56.0,151.0,23.0,0.798941798941799,0.7088607594936709
113856,943.0,1414.0,411.0,873.0,532.0,0.6173974540311173,0.43584305408271473
113980,1232.0,1626.0,573.0,856.0,659.0,0.5264452644526445,0.4650974025974026
114266,359.0,510.0,185.0,245.0,174.0,0.4803921568627451,0.5153203342618384
114354,146.0,280.0,101.0,215.0,45.0,0.7678571428571429,0.6917808219178082
114433,91.0,93.0,39.0,49.0,52.0,0.5268817204301075,0.42857142857142855
114716,187.0,1072.0,109.0,671.0,78.0,0.6259328358208955,0.5828877005347594
114789,1639.0,928.0,586.0,345.0,1053.0,0.37176724137931033,0.35753508236729714
114813,109.0,102.0,50.0,58.0,59.0,0.5686274509803921,0.45871559633027525
114859,1074.0,1591.0,509.0,756.0,565.0,0.4751728472658705,0.47392923649906893
114938,218.0,308.0,100.0,158.0,118.0,0.512987012987013,0.45871559633027525
115001,904.0,824.0,485.0,373.0,419.0,0.4526699029126214,0.536504424778761
115010,314.0,122.0,130.0,55.0,184.0,0.45081967213114754,0.4140127388535032
115126,486.0,782.0,254.0,379.0,232.0,0.4846547314578005,0.522633744855967
115296,853.0,1110.0,353.0,505.0,500.0,0.45495495495495497,0.4138335287221571
115393,543.0,570.0,303.0,288.0,240.0,0.5052631578947369,0.5580110497237569
115755,683.0,619.0,309.0,318.0,374.0,0.5137318255250404,0.45241581259150804
115861,1028.0,298.0,499.0,153.0,529.0,0.5134228187919463,0.48540856031128404
115931,234.0,141.0,193.0,123.0,41.0,0.8723404255319149,0.8247863247863247
116439,515.0,1430.0,297.0,818.0,218.0,0.5720279720279721,0.5766990291262136
117052,760.0,442.0,316.0,195.0,444.0,0.4411764705882353,0.41578947368421054
117104,45.0,55.0,19.0,25.0,26.0,0.45454545454545453,0.4222222222222222
117140,282.0,297.0,173.0,204.0,109.0,0.6868686868686869,0.6134751773049646
117195,71.0,116.0,30.0,38.0,41.0,0.3275862068965517,0.4225352112676056
117247,280.0,241.0,118.0,93.0,162.0,0.38589211618257263,0.42142857142857143
117274,64.0,137.0,20.0,42.0,44.0,0.30656934306569344,0.3125
117627,163.0,164.0,87.0,91.0,76.0,0.5548780487804879,0.5337423312883436
117645,1623.0,1288.0,588.0,495.0,1035.0,0.3843167701863354,0.36229205175600737
117690,236.0,335.0,104.0,136.0,132.0,0.4059701492537313,0.4406779661016949
117706,739.0,732.0,388.0,331.0,351.0,0.4521857923497268,0.5250338294993234
117715,192.0,104.0,58.0,29.0,134.0,0.27884615384615385,0.3020833333333333
117724,340.0,370.0,144.0,105.0,196.0,0.28378378378378377,0.4235294117647059
117733,556.0,379.0,240.0,131.0,316.0,0.34564643799472294,0.4316546762589928
117751,57.0,116.0,37.0,114.0,20.0,0.9827586206896551,0.6491228070175439
117788,394.0,338.0,147.0,104.0,247.0,0.3076923076923077,0.3730964467005076
117867,349.0,299.0,141.0,108.0,208.0,0.3612040133779264,0.4040114613180516
117894,347.0,568.0,155.0,286.0,192.0,0.5035211267605634,0.44668587896253603
117946,166.0,1187.0,139.0,967.0,27.0,0.814658803706824,0.8373493975903614
118198,162.0,50.0,110.0,35.0,52.0,0.7,0.6790123456790124
118347,107.0,280.0,56.0,124.0,51.0,0.44285714285714284,0.5233644859813084
118684,126.0,113.0,45.0,49.0,81.0,0.4336283185840708,0.35714285714285715
118693,58.0,114.0,33.0,67.0,25.0,0.5877192982456141,0.5689655172413793
118718,905.0,556.0,390.0,255.0,515.0,0.45863309352517984,0.430939226519337
118772,142.0,150.0,46.0,52.0,96.0,0.3466666666666667,0.323943661971831
118912,585.0,870.0,314.0,494.0,271.0,0.5678160919540229,0.5367521367521367
118930,128.0,486.0,65.0,142.0,63.0,0.29218106995884774,0.5078125
118976,949.0,790.0,379.0,340.0,570.0,0.43037974683544306,0.3993677555321391
119067,319.0,428.0,146.0,197.0,173.0,0.4602803738317757,0.45768025078369906
119137,481.0,1399.0,263.0,749.0,218.0,0.5353824160114368,0.5467775467775468
119164,1263.0,1630.0,656.0,924.0,607.0,0.5668711656441717,0.5193982581155978
119173,337.0,211.0,213.0,129.0,124.0,0.6113744075829384,0.6320474777448071
119216,922.0,920.0,372.0,391.0,550.0,0.425,0.403470715835141
119270,103.0,321.0,42.0,203.0,61.0,0.632398753894081,0.4077669902912621
119331,196.0,445.0,99.0,231.0,97.0,0.5191011235955056,0.5051020408163265
120078,403.0,152.0,255.0,97.0,148.0,0.6381578947368421,0.6327543424317618
120184,81.0,78.0,35.0,39.0,46.0,0.5,0.43209876543209874
120254,101.0,401.0,84.0,332.0,17.0,0.827930174563591,0.8316831683168316
120290,216.0,752.0,149.0,453.0,67.0,0.6023936170212766,0.6898148148148148
120342,1024.0,1879.0,612.0,963.0,412.0,0.5125066524747206,0.59765625
120403,70.0,145.0,44.0,84.0,26.0,0.5793103448275863,0.6285714285714286
120421,387.0,255.0,216.0,105.0,171.0,0.4117647058823529,0.5581395348837209
120537,47.0,57.0,23.0,30.0,24.0,0.5263157894736842,0.48936170212765956
120661,307.0,93.0,236.0,70.0,71.0,0.7526881720430108,0.7687296416938111
120865,92.0,159.0,31.0,74.0,61.0,0.46540880503144655,0.33695652173913043
120883,253.0,496.0,194.0,369.0,59.0,0.7439516129032258,0.766798418972332
120953,43.0,59.0,20.0,20.0,23.0,0.3389830508474576,0.46511627906976744
120971,772.0,1439.0,305.0,646.0,467.0,0.44892286309937457,0.3950777202072539
121044,1589.0,1856.0,845.0,994.0,744.0,0.5355603448275862,0.5317809943360604
121150,154.0,689.0,134.0,576.0,20.0,0.8359941944847605,0.8701298701298701
121257,35.0,233.0,33.0,196.0,2.0,0.8412017167381974,0.9428571428571428
121309,132.0,467.0,99.0,360.0,33.0,0.7708779443254818,0.75
121345,83.0,327.0,81.0,310.0,2.0,0.9480122324159022,0.9759036144578314
121363,418.0,168.0,212.0,78.0,206.0,0.4642857142857143,0.507177033492823
121619,797.0,1155.0,390.0,433.0,407.0,0.3748917748917749,0.4893350062735257
121691,206.0,375.0,143.0,262.0,63.0,0.6986666666666667,0.6941747572815534
121707,256.0,181.0,85.0,75.0,171.0,0.4143646408839779,0.33203125
121886,665.0,474.0,300.0,207.0,365.0,0.43670886075949367,0.45112781954887216
121901,911.0,944.0,372.0,442.0,539.0,0.4682203389830508,0.4083424807903403
122180,701.0,771.0,270.0,307.0,431.0,0.3981841763942931,0.38516405135520687
122205,365.0,1456.0,189.0,797.0,176.0,0.5473901098901099,0.5178082191780822
122339,737.0,407.0,245.0,153.0,492.0,0.3759213759213759,0.33242876526458615
122375,686.0,974.0,324.0,441.0,362.0,0.4527720739219713,0.47230320699708456
122384,315.0,544.0,162.0,279.0,153.0,0.5128676470588235,0.5142857142857142
122409,1148.0,3703.0,858.0,3013.0,290.0,0.8136645962732919,0.7473867595818815
122436,161.0,996.0,134.0,823.0,27.0,0.8263052208835341,0.8322981366459627
122597,1671.0,1962.0,900.0,1198.0,771.0,0.6106014271151886,0.5385996409335727
122612,420.0,1219.0,320.0,913.0,100.0,0.748974569319114,0.7619047619047619
122658,1108.0,942.0,473.0,436.0,635.0,0.46284501061571126,0.4268953068592058
122685,488.0,239.0,180.0,85.0,308.0,0.35564853556485354,0.36885245901639346
122694,193.0,82.0,114.0,46.0,79.0,0.5609756097560976,0.5906735751295337
122728,76.0,127.0,32.0,73.0,44.0,0.5748031496062992,0.42105263157894735
122746,191.0,394.0,76.0,170.0,115.0,0.43147208121827413,0.39790575916230364
122755,1223.0,1870.0,851.0,1372.0,372.0,0.7336898395721925,0.695829926410466
122791,147.0,922.0,91.0,487.0,56.0,0.5281995661605207,0.6190476190476191
122889,358.0,1436.0,175.0,659.0,183.0,0.45891364902506965,0.4888268156424581
122931,131.0,1188.0,122.0,1049.0,9.0,0.882996632996633,0.9312977099236641
122977,1208.0,2854.0,572.0,1323.0,636.0,0.46355991590749823,0.4735099337748344
123013,388.0,1147.0,200.0,622.0,188.0,0.5422842197035745,0.5154639175257731
123165,33.0,237.0,29.0,199.0,4.0,0.8396624472573839,0.8787878787878788
123217,1169.0,718.0,447.0,355.0,722.0,0.49442896935933145,0.3823781009409752
123299,432.0,291.0,157.0,124.0,275.0,0.4261168384879725,0.36342592592592593
123341,712.0,1446.0,356.0,780.0,356.0,0.5394190871369294,0.5
123457,52.0,67.0,26.0,29.0,26.0,0.43283582089552236,0.5
123484,124.0,179.0,36.0,31.0,88.0,0.17318435754189945,0.2903225806451613
123509,160.0,560.0,97.0,274.0,63.0,0.48928571428571427,0.60625
123527,623.0,575.0,206.0,159.0,417.0,0.27652173913043476,0.3306581059390048
123554,48.0,516.0,16.0,409.0,32.0,0.7926356589147286,0.3333333333333333
123563,304.0,608.0,140.0,312.0,164.0,0.5131578947368421,0.4605263157894737
123572,584.0,1192.0,338.0,737.0,246.0,0.6182885906040269,0.5787671232876712
123651,206.0,215.0,116.0,136.0,90.0,0.6325581395348837,0.5631067961165048
123679,202.0,84.0,176.0,75.0,26.0,0.8928571428571429,0.8712871287128713
123800,1236.0,1051.0,531.0,469.0,705.0,0.4462416745956232,0.42961165048543687
123961,582.0,2993.0,537.0,2796.0,45.0,0.9341797527564317,0.9226804123711341
124113,212.0,176.0,89.0,80.0,123.0,0.45454545454545453,0.419811320754717
124706,289.0,68.0,234.0,55.0,55.0,0.8088235294117647,0.8096885813148789
124937,249.0,59.0,195.0,43.0,54.0,0.7288135593220338,0.7831325301204819
125028,652.0,781.0,334.0,433.0,318.0,0.5544174135723432,0.5122699386503068
125091,972.0,545.0,235.0,130.0,737.0,0.23853211009174313,0.2417695473251029
125170,148.0,426.0,69.0,210.0,79.0,0.49295774647887325,0.46621621621621623
125462,242.0,140.0,99.0,50.0,143.0,0.35714285714285715,0.4090909090909091
125471,237.0,385.0,103.0,133.0,134.0,0.34545454545454546,0.4345991561181435
125499,179.0,777.0,88.0,348.0,91.0,0.44787644787644787,0.49162011173184356
125532,162.0,39.0,101.0,25.0,61.0,0.6410256410256411,0.6234567901234568
125727,76.0,272.0,53.0,204.0,23.0,0.75,0.6973684210526315
125763,157.0,269.0,101.0,179.0,56.0,0.6654275092936803,0.643312101910828
125897,69.0,76.0,41.0,38.0,28.0,0.5,0.5942028985507246
126119,457.0,262.0,190.0,111.0,267.0,0.42366412213740456,0.41575492341356673
126182,260.0,192.0,92.0,72.0,168.0,0.375,0.35384615384615387
126207,217.0,275.0,61.0,101.0,156.0,0.36727272727272725,0.28110599078341014
126289,174.0,350.0,48.0,122.0,126.0,0.3485714285714286,0.27586206896551724
126359,53.0,39.0,23.0,17.0,30.0,0.4358974358974359,0.4339622641509434
126562,541.0,902.0,236.0,429.0,305.0,0.47560975609756095,0.43622920517560076
126580,626.0,1433.0,230.0,678.0,396.0,0.47313328681088623,0.36741214057507987
126614,931.0,5534.0,640.0,4271.0,291.0,0.771774485001807,0.6874328678839957
126669,148.0,349.0,66.0,206.0,82.0,0.5902578796561605,0.44594594594594594
126678,43.0,516.0,38.0,444.0,5.0,0.8604651162790697,0.8837209302325582
126687,274.0,97.0,218.0,67.0,56.0,0.6907216494845361,0.7956204379562044
126711,124.0,293.0,49.0,115.0,75.0,0.3924914675767918,0.3951612903225806
126748,66.0,96.0,25.0,48.0,41.0,0.5,0.3787878787878788
126775,115.0,862.0,90.0,721.0,25.0,0.8364269141531323,0.782608695652174
126818,1020.0,3882.0,616.0,2730.0,404.0,0.7032457496136012,0.6039215686274509
126827,1236.0,467.0,280.0,99.0,956.0,0.21199143468950749,0.22653721682847897
126863,175.0,196.0,47.0,65.0,128.0,0.33163265306122447,0.26857142857142857
126942,386.0,274.0,78.0,64.0,308.0,0.23357664233576642,0.20207253886010362
126951,287.0,206.0,181.0,146.0,106.0,0.7087378640776699,0.6306620209059234
127060,199.0,1194.0,149.0,940.0,50.0,0.7872696817420436,0.7487437185929648
127185,293.0,497.0,97.0,237.0,196.0,0.4768611670020121,0.3310580204778157
127200,545.0,806.0,186.0,301.0,359.0,0.37344913151364767,0.3412844036697248
127389,107.0,101.0,39.0,45.0,68.0,0.44554455445544555,0.3644859813084112
127556,785.0,1245.0,264.0,597.0,521.0,0.4795180722891566,0.3363057324840764
127565,841.0,1209.0,257.0,400.0,584.0,0.3308519437551696,0.3055885850178359
127617,74.0,55.0,39.0,28.0,35.0,0.509090909090909,0.527027027027027
127732,206.0,266.0,91.0,138.0,115.0,0.518796992481203,0.441747572815534
127741,758.0,1421.0,357.0,798.0,401.0,0.5615763546798029,0.470976253298153
127778,114.0,144.0,43.0,53.0,71.0,0.3680555555555556,0.37719298245614036
127820,1093.0,985.0,272.0,280.0,821.0,0.28426395939086296,0.24885635864592864
127884,395.0,202.0,130.0,62.0,265.0,0.3069306930693069,0.3291139240506329
127909,217.0,536.0,78.0,300.0,139.0,0.5597014925373134,0.35944700460829493
127918,145.0,358.0,82.0,250.0,63.0,0.6983240223463687,0.5655172413793104
127945,44.0,58.0,17.0,24.0,27.0,0.41379310344827586,0.38636363636363635
128106,843.0,45.0,312.0,8.0,531.0,0.17777777777777778,0.3701067615658363
128179,305.0,105.0,210.0,70.0,95.0,0.6666666666666666,0.6885245901639344
128188,421.0,118.0,326.0,76.0,95.0,0.6440677966101694,0.7743467933491687
128258,150.0,138.0,77.0,86.0,73.0,0.6231884057971014,0.5133333333333333
128391,126.0,353.0,41.0,185.0,85.0,0.5240793201133145,0.3253968253968254
128498,81.0,74.0,40.0,37.0,41.0,0.5,0.49382716049382713
128744,301.0,211.0,137.0,110.0,164.0,0.5213270142180095,0.45514950166112955
128771,411.0,879.0,205.0,513.0,206.0,0.5836177474402731,0.49878345498783455
128902,82.0,394.0,72.0,330.0,10.0,0.8375634517766497,0.8780487804878049
129020,753.0,3059.0,569.0,2629.0,184.0,0.8594311866623079,0.7556440903054449
129154,104.0,58.0,46.0,32.0,58.0,0.5517241379310345,0.4423076923076923
129215,321.0,676.0,164.0,443.0,157.0,0.6553254437869822,0.5109034267912772
129242,138.0,919.0,105.0,790.0,33.0,0.8596300326441785,0.7608695652173914
129367,3463.0,2866.0,875.0,908.0,2588.0,0.316817864619679,0.2526710944267976
129525,427.0,892.0,181.0,600.0,246.0,0.672645739910314,0.4238875878220141
129774,55.0,69.0,30.0,45.0,25.0,0.6521739130434783,0.5454545454545454
129941,329.0,791.0,180.0,529.0,149.0,0.6687737041719343,0.547112462006079
130183,160.0,121.0,36.0,34.0,124.0,0.2809917355371901,0.225
130226,320.0,1591.0,215.0,1267.0,105.0,0.7963544940289127,0.671875
130253,219.0,1111.0,130.0,854.0,89.0,0.7686768676867687,0.593607305936073
130314,49.0,80.0,25.0,53.0,24.0,0.6625,0.5102040816326531
130493,577.0,842.0,295.0,492.0,282.0,0.5843230403800475,0.511265164644714
130590,74.0,499.0,61.0,418.0,13.0,0.8376753507014028,0.8243243243243243
130697,114.0,660.0,109.0,615.0,5.0,0.9318181818181818,0.956140350877193
130776,328.0,521.0,164.0,289.0,164.0,0.5547024952015355,0.5
130794,214.0,1177.0,205.0,1163.0,9.0,0.9881053525913339,0.9579439252336449
130907,1127.0,1041.0,321.0,402.0,806.0,0.3861671469740634,0.28482697426796805
130934,545.0,426.0,234.0,214.0,311.0,0.5023474178403756,0.42935779816513764
130943,677.0,3763.0,451.0,3119.0,226.0,0.8288599521658251,0.6661742983751846
130989,81.0,85.0,47.0,61.0,34.0,0.7176470588235294,0.5802469135802469
131113,138.0,192.0,23.0,49.0,115.0,0.2552083333333333,0.16666666666666666
131159,325.0,1375.0,252.0,1103.0,73.0,0.8021818181818182,0.7753846153846153
131283,101.0,623.0,70.0,483.0,31.0,0.7752808988764045,0.693069306930693
131399,192.0,158.0,58.0,58.0,134.0,0.3670886075949367,0.3020833333333333
131450,128.0,137.0,57.0,66.0,71.0,0.48175182481751827,0.4453125
131469,365.0,2160.0,310.0,1845.0,55.0,0.8541666666666666,0.8493150684931506
131496,207.0,1366.0,190.0,1318.0,17.0,0.9648609077598829,0.9178743961352657
131520,423.0,490.0,281.0,370.0,142.0,0.7551020408163265,0.6643026004728132
131876,177.0,52.0,62.0,27.0,115.0,0.5192307692307693,0.3502824858757062
132471,272.0,246.0,89.0,113.0,183.0,0.45934959349593496,0.3272058823529412
132602,949.0,221.0,320.0,127.0,629.0,0.5746606334841629,0.33719704952581664
132657,133.0,447.0,71.0,236.0,62.0,0.5279642058165548,0.5338345864661654
132693,792.0,938.0,425.0,575.0,367.0,0.6130063965884861,0.5366161616161617
132709,2950.0,1457.0,1289.0,763.0,1661.0,0.5236787920384351,0.4369491525423729
132851,598.0,436.0,273.0,247.0,325.0,0.5665137614678899,0.45652173913043476
132903,2124.0,4390.0,1586.0,3532.0,538.0,0.8045558086560365,0.7467043314500942
133021,203.0,196.0,96.0,123.0,107.0,0.6275510204081632,0.4729064039408867
133386,747.0,610.0,352.0,322.0,395.0,0.5278688524590164,0.47121820615796517
133492,115.0,461.0,67.0,324.0,48.0,0.702819956616052,0.5826086956521739
133508,990.0,910.0,430.0,422.0,560.0,0.46373626373626375,0.43434343434343436
133526,207.0,53.0,56.0,17.0,151.0,0.32075471698113206,0.27053140096618356
133553,334.0,978.0,209.0,659.0,125.0,0.6738241308793456,0.625748502994012
133650,897.0,487.0,561.0,317.0,336.0,0.6509240246406571,0.6254180602006689
133669,1391.0,2105.0,868.0,1336.0,523.0,0.6346793349168646,0.6240115025161754
133702,889.0,1026.0,349.0,507.0,540.0,0.49415204678362573,0.3925759280089989
133711,177.0,452.0,96.0,280.0,81.0,0.6194690265486725,0.5423728813559322
133809,49.0,132.0,26.0,96.0,23.0,0.7272727272727273,0.5306122448979592
133845,262.0,46.0,189.0,33.0,73.0,0.717391304347826,0.7213740458015268
133854,304.0,42.0,215.0,19.0,89.0,0.4523809523809524,0.7072368421052632
133863,267.0,48.0,198.0,31.0,69.0,0.6458333333333334,0.7415730337078652
133881,165.0,625.0,99.0,431.0,66.0,0.6896,0.6
133951,2151.0,2247.0,1537.0,1597.0,614.0,0.7107254116599911,0.7145513714551371
133960,63.0,112.0,30.0,52.0,33.0,0.4642857142857143,0.47619047619047616
133979,297.0,116.0,92.0,43.0,205.0,0.3706896551724138,0.30976430976430974
134079,181.0,470.0,110.0,331.0,71.0,0.7042553191489361,0.6077348066298343
134097,1698.0,4618.0,1410.0,3937.0,288.0,0.8525335643135556,0.8303886925795053
134130,1629.0,5301.0,1413.0,4863.0,216.0,0.9173740803621958,0.8674033149171271
134237,2775.0,1758.0,1632.0,687.0,1143.0,0.39078498293515357,0.5881081081081081
134343,341.0,330.0,135.0,175.0,206.0,0.5303030303030303,0.39589442815249265
134495,2323.0,1750.0,806.0,702.0,1517.0,0.40114285714285713,0.34696513129573825
134608,968.0,719.0,476.0,397.0,492.0,0.5521557719054242,0.49173553719008267
134945,199.0,377.0,92.0,217.0,107.0,0.5755968169761273,0.4623115577889447
135081,2151.0,926.0,1103.0,548.0,1048.0,0.591792656587473,0.5127847512784751
135160,178.0,221.0,95.0,166.0,83.0,0.751131221719457,0.5337078651685393
135188,249.0,366.0,111.0,185.0,138.0,0.505464480874317,0.4457831325301205
135391,714.0,644.0,305.0,285.0,409.0,0.44254658385093165,0.4271708683473389
135717,6309.0,3118.0,3438.0,1719.0,2871.0,0.5513149454778704,0.5449358059914408
135726,272.0,1877.0,222.0,1589.0,50.0,0.8465636654235482,0.8161764705882353
136145,96.0,71.0,61.0,50.0,35.0,0.704225352112676,0.6354166666666666
136172,495.0,1438.0,339.0,980.0,156.0,0.6815020862308763,0.6848484848484848
136215,224.0,442.0,129.0,286.0,95.0,0.6470588235294118,0.5758928571428571
136233,262.0,383.0,96.0,185.0,166.0,0.4830287206266319,0.366412213740458
136330,162.0,355.0,84.0,214.0,78.0,0.6028169014084507,0.5185185185185185
136358,1343.0,1210.0,688.0,608.0,655.0,0.5024793388429752,0.5122859270290394
136400,901.0,754.0,353.0,398.0,548.0,0.5278514588859416,0.39178690344062156
136473,596.0,599.0,244.0,290.0,352.0,0.48414023372287146,0.40939597315436244
136516,529.0,405.0,200.0,188.0,329.0,0.4641975308641975,0.3780718336483932
136774,96.0,259.0,66.0,206.0,30.0,0.7953667953667953,0.6875
136950,146.0,444.0,108.0,340.0,38.0,0.7657657657657657,0.7397260273972602
137032,279.0,356.0,122.0,198.0,157.0,0.5561797752808989,0.43727598566308246
137078,1182.0,1025.0,501.0,518.0,681.0,0.5053658536585366,0.42385786802030456
137096,891.0,1136.0,442.0,672.0,449.0,0.5915492957746479,0.49607182940516276
137209,1190.0,1070.0,565.0,550.0,625.0,0.514018691588785,0.47478991596638653
137281,330.0,384.0,145.0,188.0,185.0,0.4895833333333333,0.4393939393939394
137315,225.0,163.0,125.0,105.0,100.0,0.6441717791411042,0.5555555555555556
137351,1770.0,3277.0,1337.0,2519.0,433.0,0.7686908758010376,0.7553672316384181
137476,111.0,94.0,46.0,41.0,65.0,0.43617021276595747,0.4144144144144144
137546,260.0,561.0,154.0,368.0,106.0,0.6559714795008913,0.5923076923076923
137564,545.0,598.0,225.0,267.0,320.0,0.44648829431438125,0.41284403669724773
137759,1034.0,1266.0,374.0,592.0,660.0,0.4676145339652449,0.3617021276595745
137847,473.0,1632.0,259.0,1095.0,214.0,0.6709558823529411,0.547568710359408
138187,3668.0,2493.0,1923.0,1437.0,1745.0,0.5764139590854392,0.5242639040348964
138275,142.0,56.0,50.0,27.0,92.0,0.48214285714285715,0.352112676056338
138293,110.0,84.0,35.0,27.0,75.0,0.32142857142857145,0.3181818181818182
138309,404.0,94.0,156.0,34.0,248.0,0.3617021276595745,0.38613861386138615
138354,474.0,845.0,263.0,511.0,211.0,0.6047337278106509,0.5548523206751055
138558,589.0,556.0,159.0,231.0,430.0,0.4154676258992806,0.2699490662139219
138600,102.0,170.0,79.0,133.0,23.0,0.7823529411764706,0.7745098039215687
138655,310.0,94.0,165.0,12.0,145.0,0.1276595744680851,0.532258064516129
138682,404.0,102.0,182.0,48.0,222.0,0.47058823529411764,0.4504950495049505
138716,621.0,239.0,205.0,66.0,416.0,0.27615062761506276,0.33011272141706927
138761,97.0,68.0,10.0,26.0,87.0,0.38235294117647056,0.10309278350515463
138840,586.0,213.0,244.0,101.0,342.0,0.47417840375586856,0.41638225255972694
138868,243.0,134.0,172.0,133.0,71.0,0.9925373134328358,0.7078189300411523
138901,175.0,40.0,37.0,15.0,138.0,0.375,0.21142857142857144
138947,759.0,305.0,341.0,142.0,418.0,0.46557377049180326,0.4492753623188406
138956,531.0,292.0,192.0,173.0,339.0,0.5924657534246576,0.3615819209039548
139144,105.0,429.0,69.0,279.0,36.0,0.6503496503496503,0.6571428571428571
139199,93.0,73.0,34.0,42.0,59.0,0.5753424657534246,0.3655913978494624
139205,100.0,67.0,22.0,15.0,78.0,0.22388059701492538,0.22
139250,438.0,373.0,113.0,118.0,325.0,0.3163538873994638,0.2579908675799087
139278,518.0,389.0,203.0,179.0,315.0,0.4601542416452442,0.3918918918918919
139311,396.0,180.0,145.0,65.0,251.0,0.3611111111111111,0.3661616161616162
139357,268.0,148.0,82.0,66.0,186.0,0.44594594594594594,0.30597014925373134
139366,518.0,532.0,209.0,273.0,309.0,0.5131578947368421,0.4034749034749035
139384,400.0,185.0,212.0,103.0,188.0,0.5567567567567567,0.53
139393,57.0,211.0,40.0,155.0,17.0,0.7345971563981043,0.7017543859649122
139463,566.0,392.0,168.0,133.0,398.0,0.3392857142857143,0.2968197879858657
139621,779.0,347.0,121.0,58.0,658.0,0.16714697406340057,0.15532734274711169
139630,113.0,132.0,36.0,58.0,77.0,0.4393939393939394,0.3185840707964602
139658,237.0,1119.0,221.0,1009.0,16.0,0.9016979445933869,0.9324894514767933
139700,597.0,595.0,167.0,174.0,430.0,0.292436974789916,0.2797319932998325
139719,448.0,107.0,200.0,56.0,248.0,0.5233644859813084,0.44642857142857145
139755,316.0,2555.0,281.0,2404.0,35.0,0.9409001956947163,0.8892405063291139
139764,245.0,237.0,79.0,101.0,166.0,0.42616033755274263,0.3224489795918367
139861,275.0,1141.0,169.0,714.0,106.0,0.6257668711656442,0.6145454545454545
139931,1693.0,2930.0,822.0,1673.0,871.0,0.5709897610921502,0.48552864737152984
139940,2103.0,1892.0,1189.0,1103.0,914.0,0.5829809725158562,0.5653827864954827
139959,1145.0,4417.0,949.0,3983.0,196.0,0.901743264659271,0.8288209606986899
139968,519.0,365.0,120.0,129.0,399.0,0.35342465753424657,0.23121387283236994
139986,455.0,185.0,228.0,105.0,227.0,0.5675675675675675,0.5010989010989011
140012,431.0,452.0,190.0,234.0,241.0,0.5176991150442478,0.4408352668213457
140234,100.0,140.0,44.0,77.0,56.0,0.55,0.44
140243,222.0,274.0,108.0,134.0,114.0,0.48905109489051096,0.4864864864864865
140252,66.0,64.0,22.0,22.0,44.0,0.34375,0.3333333333333333
140331,721.0,713.0,281.0,319.0,440.0,0.4474053295932679,0.3897364771151179
140447,237.0,592.0,165.0,448.0,72.0,0.7567567567567568,0.6962025316455697
140553,292.0,315.0,161.0,205.0,131.0,0.6507936507936508,0.5513698630136986
140678,324.0,212.0,131.0,118.0,193.0,0.5566037735849056,0.404320987654321
140696,117.0,215.0,61.0,128.0,56.0,0.5953488372093023,0.5213675213675214
140818,114.0,170.0,44.0,90.0,70.0,0.5294117647058824,0.38596491228070173
140872,165.0,205.0,46.0,75.0,119.0,0.36585365853658536,0.2787878787878788
140942,347.0,312.0,157.0,179.0,190.0,0.5737179487179487,0.45244956772334294
140951,466.0,1827.0,291.0,1362.0,175.0,0.7454844006568144,0.6244635193133047
140960,1042.0,264.0,297.0,89.0,745.0,0.3371212121212121,0.28502879078694815
140988,165.0,181.0,40.0,74.0,125.0,0.4088397790055249,0.24242424242424243
141006,296.0,177.0,174.0,123.0,122.0,0.6949152542372882,0.5878378378378378
141060,259.0,271.0,187.0,211.0,72.0,0.7785977859778598,0.722007722007722
141167,70.0,30.0,43.0,20.0,27.0,0.6666666666666666,0.6142857142857143
141185,113.0,112.0,54.0,51.0,59.0,0.45535714285714285,0.4778761061946903
141237,87.0,144.0,31.0,77.0,56.0,0.5347222222222222,0.3563218390804598
141255,263.0,129.0,133.0,64.0,130.0,0.49612403100775193,0.5057034220532319
141264,789.0,781.0,327.0,332.0,462.0,0.42509603072983354,0.4144486692015209
141325,57.0,46.0,23.0,24.0,34.0,0.5217391304347826,0.40350877192982454
141334,1342.0,1187.0,547.0,590.0,795.0,0.4970513900589722,0.4076005961251863
141361,142.0,217.0,75.0,85.0,67.0,0.391705069124424,0.528169014084507
141486,99.0,246.0,58.0,160.0,41.0,0.6504065040650406,0.5858585858585859
141565,186.0,190.0,77.0,96.0,109.0,0.5052631578947369,0.41397849462365593
141574,534.0,1426.0,325.0,926.0,209.0,0.6493688639551192,0.6086142322097379
141644,143.0,336.0,50.0,164.0,93.0,0.4880952380952381,0.34965034965034963
141680,143.0,249.0,52.0,94.0,91.0,0.37751004016064255,0.36363636363636365
141796,226.0,580.0,82.0,239.0,144.0,0.41206896551724137,0.36283185840707965
141802,63.0,98.0,28.0,38.0,35.0,0.3877551020408163,0.4444444444444444
141811,411.0,583.0,129.0,221.0,282.0,0.379073756432247,0.31386861313868614
141839,197.0,226.0,65.0,97.0,132.0,0.42920353982300885,0.3299492385786802
141981,94.0,181.0,33.0,67.0,61.0,0.3701657458563536,0.35106382978723405
141990,135.0,127.0,44.0,42.0,91.0,0.33070866141732286,0.32592592592592595
142115,812.0,1810.0,392.0,1236.0,420.0,0.6828729281767956,0.4827586206896552
142179,73.0,40.0,40.0,26.0,33.0,0.65,0.547945205479452
142276,675.0,898.0,255.0,434.0,420.0,0.48329621380846327,0.37777777777777777
142285,663.0,1025.0,360.0,684.0,303.0,0.6673170731707317,0.5429864253393665
142294,43.0,198.0,25.0,121.0,18.0,0.6111111111111112,0.5813953488372093
142328,259.0,290.0,81.0,127.0,178.0,0.4379310344827586,0.3127413127413127
142443,424.0,369.0,138.0,131.0,286.0,0.35501355013550134,0.32547169811320753
142461,81.0,177.0,40.0,109.0,41.0,0.615819209039548,0.49382716049382713
142522,1588.0,4816.0,927.0,2865.0,661.0,0.594892026578073,0.5837531486146096
142559,347.0,392.0,132.0,142.0,215.0,0.3622448979591837,0.3804034582132565
143048,139.0,516.0,80.0,372.0,59.0,0.7209302325581395,0.5755395683453237
143084,168.0,533.0,107.0,439.0,61.0,0.8236397748592871,0.6369047619047619
143118,311.0,364.0,173.0,230.0,138.0,0.6318681318681318,0.5562700964630225
143215,441.0,624.0,143.0,251.0,298.0,0.40224358974358976,0.3242630385487528
143279,314.0,385.0,101.0,165.0,213.0,0.42857142857142855,0.321656050955414
143288,116.0,58.0,42.0,19.0,74.0,0.3275862068965517,0.3620689655172414
143358,332.0,766.0,232.0,604.0,100.0,0.7885117493472585,0.6987951807228916
143613,191.0,152.0,73.0,90.0,118.0,0.5921052631578947,0.38219895287958117
144050,165.0,1420.0,155.0,1369.0,10.0,0.9640845070422536,0.9393939393939394
144157,384.0,153.0,103.0,60.0,281.0,0.39215686274509803,0.2682291666666667
144166,510.0,220.0,137.0,87.0,373.0,0.39545454545454545,0.26862745098039215
144175,128.0,56.0,34.0,21.0,94.0,0.375,0.265625
144184,319.0,197.0,116.0,53.0,203.0,0.26903553299492383,0.36363636363636365
144193,281.0,300.0,74.0,148.0,207.0,0.49333333333333335,0.26334519572953735
144209,953.0,590.0,254.0,165.0,699.0,0.2796610169491525,0.26652675760755506
144218,590.0,488.0,208.0,169.0,382.0,0.3463114754098361,0.3525423728813559
144281,570.0,999.0,202.0,539.0,368.0,0.5395395395395396,0.3543859649122807
144351,162.0,200.0,68.0,108.0,94.0,0.54,0.41975308641975306
144564,211.0,178.0,83.0,102.0,128.0,0.5730337078651685,0.3933649289099526
144740,707.0,1758.0,435.0,1297.0,272.0,0.7377701934015927,0.6152758132956153
144865,959.0,1445.0,289.0,548.0,670.0,0.3792387543252595,0.3013555787278415
144883,187.0,49.0,23.0,12.0,164.0,0.24489795918367346,0.12299465240641712
144892,394.0,392.0,189.0,242.0,205.0,0.6173469387755102,0.4796954314720812
144944,330.0,728.0,157.0,350.0,173.0,0.4807692307692308,0.47575757575757577
144962,192.0,290.0,109.0,198.0,83.0,0.6827586206896552,0.5677083333333334
144971,65.0,93.0,26.0,57.0,39.0,0.6129032258064516,0.4
145336,146.0,67.0,30.0,21.0,116.0,0.31343283582089554,0.2054794520547945
145372,82.0,130.0,43.0,75.0,39.0,0.5769230769230769,0.524390243902439
145521,202.0,133.0,77.0,54.0,125.0,0.40601503759398494,0.3811881188118812
145600,1935.0,1357.0,1153.0,937.0,782.0,0.6904937361827561,0.5958656330749355
145619,227.0,335.0,119.0,189.0,108.0,0.564179104477612,0.5242290748898678
145637,1791.0,5792.0,1396.0,5110.0,395.0,0.8822513812154696,0.7794528196538246
145646,115.0,312.0,90.0,255.0,25.0,0.8173076923076923,0.782608695652174
145682,423.0,720.0,183.0,378.0,240.0,0.525,0.4326241134751773
145691,127.0,169.0,80.0,118.0,47.0,0.6982248520710059,0.6299212598425197
145707,277.0,357.0,153.0,239.0,124.0,0.6694677871148459,0.5523465703971119
145725,147.0,360.0,110.0,277.0,37.0,0.7694444444444445,0.7482993197278912
145813,1123.0,2592.0,605.0,1893.0,518.0,0.7303240740740741,0.5387355298308103
145831,120.0,104.0,40.0,49.0,80.0,0.47115384615384615,0.3333333333333333
146205,256.0,209.0,86.0,97.0,170.0,0.46411483253588515,0.3359375
146278,235.0,200.0,100.0,96.0,135.0,0.48,0.425531914893617
146296,428.0,761.0,105.0,230.0,323.0,0.30223390275952694,0.24532710280373832
146339,63.0,116.0,32.0,63.0,31.0,0.5431034482758621,0.5079365079365079
146348,135.0,140.0,56.0,72.0,79.0,0.5142857142857142,0.4148148148148148
146366,120.0,82.0,33.0,52.0,87.0,0.6341463414634146,0.275
146418,226.0,243.0,85.0,118.0,141.0,0.48559670781893005,0.37610619469026546
146427,102.0,253.0,76.0,189.0,26.0,0.7470355731225297,0.7450980392156863
146472,436.0,943.0,199.0,379.0,237.0,0.4019088016967126,0.45642201834862384
146481,124.0,237.0,100.0,182.0,24.0,0.7679324894514767,0.8064516129032258
146506,351.0,886.0,178.0,631.0,173.0,0.7121896162528216,0.5071225071225072
146603,217.0,344.0,102.0,211.0,115.0,0.6133720930232558,0.4700460829493088
146612,227.0,426.0,122.0,289.0,105.0,0.6784037558685446,0.5374449339207048
146685,392.0,476.0,136.0,234.0,256.0,0.49159663865546216,0.3469387755102041
146700,429.0,101.0,263.0,62.0,166.0,0.6138613861386139,0.6130536130536131
146719,802.0,2085.0,527.0,1537.0,275.0,0.7371702637889688,0.6571072319201995
147004,246.0,510.0,81.0,198.0,165.0,0.38823529411764707,0.32926829268292684
147013,150.0,292.0,70.0,174.0,80.0,0.5958904109589042,0.4666666666666667
147244,176.0,274.0,80.0,179.0,96.0,0.6532846715328468,0.45454545454545453
147341,110.0,183.0,60.0,104.0,50.0,0.5683060109289617,0.5454545454545454
147369,87.0,195.0,47.0,124.0,40.0,0.6358974358974359,0.5402298850574713
147378,809.0,1127.0,348.0,460.0,461.0,0.40816326530612246,0.43016069221260816
147411,224.0,148.0,96.0,45.0,128.0,0.30405405405405406,0.42857142857142855
147536,270.0,52.0,87.0,19.0,183.0,0.36538461538461536,0.32222222222222224
147660,150.0,445.0,83.0,294.0,67.0,0.6606741573033708,0.5533333333333333
147679,183.0,206.0,92.0,121.0,91.0,0.587378640776699,0.5027322404371585
147703,828.0,996.0,371.0,623.0,457.0,0.6255020080321285,0.44806763285024154
147767,353.0,1630.0,345.0,1581.0,8.0,0.9699386503067484,0.9773371104815864
147776,523.0,289.0,123.0,57.0,400.0,0.1972318339100346,0.23518164435946462
147800,215.0,365.0,71.0,117.0,144.0,0.32054794520547947,0.3302325581395349
147828,227.0,477.0,119.0,353.0,108.0,0.740041928721174,0.5242290748898678
147916,372.0,427.0,96.0,160.0,276.0,0.3747072599531616,0.25806451612903225
148007,183.0,113.0,39.0,30.0,144.0,0.26548672566371684,0.21311475409836064
148131,110.0,179.0,38.0,106.0,72.0,0.5921787709497207,0.34545454545454546
148256,259.0,247.0,123.0,162.0,136.0,0.6558704453441295,0.4749034749034749
148292,139.0,164.0,64.0,95.0,75.0,0.5792682926829268,0.460431654676259
148380,399.0,604.0,150.0,261.0,249.0,0.43211920529801323,0.37593984962406013
148405,79.0,81.0,25.0,48.0,54.0,0.5925925925925926,0.31645569620253167
148487,507.0,420.0,170.0,207.0,337.0,0.4928571428571429,0.33530571992110453
148496,268.0,227.0,146.0,145.0,122.0,0.6387665198237885,0.5447761194029851
148584,69.0,150.0,32.0,108.0,37.0,0.72,0.463768115942029
148627,388.0,257.0,187.0,162.0,201.0,0.6303501945525292,0.48195876288659795
148654,113.0,186.0,50.0,114.0,63.0,0.6129032258064516,0.4424778761061947
148672,135.0,168.0,59.0,89.0,76.0,0.5297619047619048,0.43703703703703706
148821,53.0,30.0,18.0,17.0,35.0,0.5666666666666667,0.33962264150943394
148876,315.0,113.0,139.0,5.0,176.0,0.04424778761061947,0.44126984126984126
148937,138.0,121.0,49.0,72.0,89.0,0.5950413223140496,0.35507246376811596
148991,161.0,83.0,52.0,36.0,109.0,0.43373493975903615,0.32298136645962733
149222,797.0,912.0,297.0,568.0,500.0,0.6228070175438597,0.3726474278544542
149231,652.0,1324.0,288.0,811.0,364.0,0.6125377643504532,0.44171779141104295
149365,353.0,128.0,74.0,51.0,279.0,0.3984375,0.2096317280453258
149505,61.0,106.0,33.0,84.0,28.0,0.7924528301886793,0.5409836065573771
149514,65.0,87.0,26.0,49.0,39.0,0.5632183908045977,0.4
149532,362.0,425.0,113.0,105.0,249.0,0.24705882352941178,0.31215469613259667
149727,407.0,741.0,183.0,328.0,224.0,0.4426450742240216,0.44963144963144963
149772,882.0,663.0,353.0,370.0,529.0,0.5580693815987934,0.4002267573696145
149781,101.0,488.0,88.0,436.0,13.0,0.8934426229508197,0.8712871287128713
149842,642.0,995.0,287.0,472.0,355.0,0.4743718592964824,0.4470404984423676
150066,167.0,265.0,64.0,191.0,103.0,0.720754716981132,0.38323353293413176
150136,1418.0,2516.0,769.0,1771.0,649.0,0.7038950715421304,0.5423131170662906
150145,112.0,137.0,58.0,82.0,54.0,0.5985401459854015,0.5178571428571429
150163,177.0,1078.0,123.0,894.0,54.0,0.8293135435992579,0.6949152542372882
150172,67.0,43.0,16.0,11.0,51.0,0.2558139534883721,0.23880597014925373
150400,117.0,442.0,93.0,356.0,24.0,0.8054298642533937,0.7948717948717948
150455,100.0,256.0,67.0,201.0,33.0,0.78515625,0.67
150534,158.0,396.0,82.0,276.0,76.0,0.696969696969697,0.5189873417721519
150604,88.0,146.0,47.0,102.0,41.0,0.6986301369863014,0.5340909090909091
150668,71.0,128.0,37.0,81.0,34.0,0.6328125,0.5211267605633803
150677,152.0,269.0,87.0,192.0,65.0,0.7137546468401487,0.5723684210526315
150756,83.0,225.0,57.0,156.0,26.0,0.6933333333333334,0.6867469879518072
150774,61.0,154.0,28.0,49.0,33.0,0.3181818181818182,0.45901639344262296
150941,68.0,148.0,42.0,108.0,26.0,0.7297297297297297,0.6176470588235294
150987,5405.0,3947.0,1814.0,1669.0,3591.0,0.42285279959462885,0.33561517113783534
151102,687.0,904.0,207.0,387.0,480.0,0.4280973451327434,0.30131004366812225
151111,1366.0,2016.0,679.0,1275.0,687.0,0.6324404761904762,0.4970717423133236
151263,408.0,613.0,202.0,407.0,206.0,0.6639477977161501,0.4950980392156863
151290,207.0,262.0,69.0,125.0,138.0,0.4770992366412214,0.3333333333333333
151306,624.0,1069.0,258.0,623.0,366.0,0.5827876520112254,0.41346153846153844
151324,1281.0,1235.0,470.0,662.0,811.0,0.5360323886639676,0.3669008587041374
151333,205.0,294.0,70.0,140.0,135.0,0.47619047619047616,0.34146341463414637
151342,399.0,511.0,135.0,216.0,264.0,0.4227005870841487,0.3383458646616541
151351,1433.0,6258.0,1027.0,5288.0,406.0,0.8449984020453819,0.7166782972784368
151360,236.0,385.0,87.0,160.0,149.0,0.4155844155844156,0.3686440677966102
151379,374.0,535.0,125.0,204.0,249.0,0.3813084112149533,0.3342245989304813
151388,167.0,196.0,52.0,100.0,115.0,0.5102040816326531,0.31137724550898205
151467,108.0,50.0,77.0,34.0,31.0,0.68,0.7129629629629629
151661,429.0,235.0,256.0,170.0,173.0,0.723404255319149,0.5967365967365967
151777,180.0,209.0,73.0,115.0,107.0,0.5502392344497608,0.40555555555555556
151786,138.0,256.0,70.0,180.0,68.0,0.703125,0.5072463768115942
151801,214.0,478.0,118.0,341.0,96.0,0.7133891213389121,0.5514018691588785
152080,243.0,1807.0,228.0,1750.0,15.0,0.9684560044272275,0.9382716049382716
152099,42.0,60.0,28.0,43.0,14.0,0.7166666666666667,0.6666666666666666
152318,67.0,476.0,50.0,397.0,17.0,0.8340336134453782,0.746268656716418
152336,139.0,209.0,72.0,134.0,67.0,0.6411483253588517,0.5179856115107914
152390,98.0,336.0,76.0,250.0,22.0,0.7440476190476191,0.7755102040816326
152530,94.0,382.0,61.0,310.0,33.0,0.8115183246073299,0.648936170212766
152567,166.0,301.0,93.0,211.0,73.0,0.7009966777408638,0.5602409638554217
152600,269.0,599.0,151.0,457.0,118.0,0.7629382303839732,0.5613382899628253
152637,1144.0,927.0,315.0,424.0,829.0,0.45738942826321466,0.27534965034965037
152673,54.0,163.0,35.0,128.0,19.0,0.7852760736196319,0.6481481481481481
152992,100.0,113.0,35.0,60.0,65.0,0.5309734513274337,0.35
153001,75.0,110.0,35.0,71.0,40.0,0.6454545454545455,0.4666666666666667
153108,90.0,233.0,64.0,168.0,26.0,0.721030042918455,0.7111111111111111
153126,57.0,101.0,26.0,65.0,31.0,0.6435643564356436,0.45614035087719296
153144,145.0,230.0,78.0,167.0,67.0,0.7260869565217392,0.5379310344827586
153162,85.0,203.0,48.0,135.0,37.0,0.6650246305418719,0.5647058823529412
153214,882.0,1078.0,313.0,505.0,569.0,0.4684601113172542,0.35487528344671204
153250,86.0,304.0,60.0,215.0,26.0,0.7072368421052632,0.6976744186046512
153269,131.0,642.0,89.0,506.0,42.0,0.7881619937694704,0.6793893129770993
153278,251.0,200.0,82.0,98.0,169.0,0.49,0.32669322709163345
153296,130.0,109.0,24.0,36.0,106.0,0.3302752293577982,0.18461538461538463
153302,32.0,37.0,26.0,32.0,6.0,0.8648648648648649,0.8125
153311,296.0,316.0,119.0,160.0,177.0,0.5063291139240507,0.40202702702702703
153366,128.0,134.0,46.0,71.0,82.0,0.5298507462686567,0.359375
153375,123.0,215.0,52.0,125.0,71.0,0.5813953488372093,0.42276422764227645
153384,80.0,333.0,72.0,296.0,8.0,0.8888888888888888,0.9
153445,448.0,500.0,171.0,244.0,277.0,0.488,0.38169642857142855
153472,517.0,441.0,193.0,210.0,324.0,0.47619047619047616,0.3733075435203095
153524,771.0,575.0,223.0,238.0,548.0,0.41391304347826086,0.2892347600518807
153533,167.0,219.0,95.0,132.0,72.0,0.6027397260273972,0.5688622754491018
153603,1127.0,5089.0,762.0,3924.0,365.0,0.7710748673609746,0.676131322094055
153630,542.0,613.0,176.0,216.0,366.0,0.3523654159869494,0.3247232472324723
153658,1184.0,4098.0,747.0,3197.0,437.0,0.7801366520253782,0.6309121621621622
153737,988.0,1179.0,312.0,547.0,676.0,0.46395250212044103,0.3157894736842105
153825,81.0,250.0,42.0,182.0,39.0,0.728,0.5185185185185185
153834,101.0,419.0,55.0,331.0,46.0,0.7899761336515513,0.5445544554455446
153922,167.0,154.0,62.0,74.0,105.0,0.4805194805194805,0.3712574850299401
154004,112.0,239.0,52.0,152.0,60.0,0.6359832635983264,0.4642857142857143
154013,71.0,166.0,34.0,103.0,37.0,0.6204819277108434,0.4788732394366197
154022,1872.0,1751.0,212.0,183.0,1660.0,0.10451170759565963,0.11324786324786325
154059,259.0,358.0,98.0,215.0,161.0,0.6005586592178771,0.3783783783783784
154095,526.0,1449.0,304.0,981.0,222.0,0.6770186335403726,0.5779467680608364
154101,81.0,201.0,45.0,136.0,36.0,0.6766169154228856,0.5555555555555556
154110,271.0,254.0,128.0,143.0,143.0,0.562992125984252,0.47232472324723246
154129,90.0,166.0,58.0,123.0,32.0,0.7409638554216867,0.6444444444444445
154235,128.0,332.0,63.0,232.0,65.0,0.6987951807228916,0.4921875
154350,124.0,227.0,73.0,163.0,51.0,0.7180616740088106,0.5887096774193549
154378,163.0,100.0,60.0,43.0,103.0,0.43,0.36809815950920244
154396,178.0,126.0,85.0,67.0,93.0,0.5317460317460317,0.47752808988764045
154493,130.0,123.0,44.0,67.0,86.0,0.5447154471544715,0.3384615384615385
154518,76.0,89.0,21.0,23.0,55.0,0.25842696629213485,0.27631578947368424
154527,110.0,340.0,51.0,250.0,59.0,0.7352941176470589,0.4636363636363636
154572,329.0,266.0,168.0,144.0,161.0,0.5413533834586466,0.5106382978723404
154590,154.0,101.0,39.0,36.0,115.0,0.3564356435643564,0.2532467532467532
154642,150.0,184.0,58.0,84.0,92.0,0.45652173913043476,0.38666666666666666
154697,188.0,454.0,79.0,212.0,109.0,0.4669603524229075,0.42021276595744683
154712,96.0,423.0,52.0,308.0,44.0,0.7281323877068558,0.5416666666666666
154721,84.0,130.0,29.0,32.0,55.0,0.24615384615384617,0.34523809523809523
154749,42.0,62.0,19.0,41.0,23.0,0.6612903225806451,0.4523809523809524
154800,714.0,808.0,190.0,323.0,524.0,0.3997524752475248,0.2661064425770308
154855,75.0,61.0,19.0,19.0,56.0,0.3114754098360656,0.25333333333333335
154907,132.0,185.0,57.0,96.0,75.0,0.518918918918919,0.4318181818181818
154925,288.0,176.0,95.0,78.0,193.0,0.4431818181818182,0.3298611111111111
154934,90.0,131.0,41.0,60.0,49.0,0.4580152671755725,0.45555555555555555
154952,302.0,314.0,111.0,143.0,191.0,0.4554140127388535,0.3675496688741722
154998,220.0,253.0,80.0,105.0,140.0,0.4150197628458498,0.36363636363636365
155025,243.0,437.0,109.0,252.0,134.0,0.5766590389016019,0.448559670781893
155052,51.0,42.0,49.0,39.0,2.0,0.9285714285714286,0.9607843137254902
155061,372.0,590.0,155.0,352.0,217.0,0.5966101694915255,0.4166666666666667
155089,74.0,98.0,28.0,54.0,46.0,0.5510204081632653,0.3783783783783784
155098,205.0,144.0,67.0,56.0,138.0,0.3888888888888889,0.32682926829268294
155104,286.0,286.0,127.0,127.0,159.0,0.44405594405594406,0.44405594405594406
155140,112.0,66.0,56.0,28.0,56.0,0.42424242424242425,0.5
155177,47.0,97.0,25.0,58.0,22.0,0.5979381443298969,0.5319148936170213
155186,693.0,428.0,261.0,146.0,432.0,0.3411214953271028,0.37662337662337664
155195,461.0,534.0,186.0,279.0,275.0,0.5224719101123596,0.403470715835141
155201,131.0,155.0,49.0,33.0,82.0,0.2129032258064516,0.37404580152671757
155210,583.0,1173.0,192.0,467.0,391.0,0.3981244671781756,0.3293310463121784
155283,236.0,46.0,170.0,31.0,66.0,0.6739130434782609,0.7203389830508474
155292,303.0,340.0,97.0,137.0,206.0,0.40294117647058825,0.3201320132013201
155317,980.0,3208.0,514.0,2329.0,466.0,0.725997506234414,0.5244897959183673
155335,59.0,123.0,34.0,89.0,25.0,0.7235772357723578,0.576271186440678
155399,753.0,2859.0,463.0,2044.0,290.0,0.7149352920601609,0.6148738379814077
155414,65.0,98.0,14.0,38.0,51.0,0.3877551020408163,0.2153846153846154
155450,170.0,199.0,45.0,69.0,125.0,0.34673366834170855,0.2647058823529412
155487,49.0,64.0,26.0,33.0,23.0,0.515625,0.5306122448979592
155511,88.0,111.0,42.0,55.0,46.0,0.4954954954954955,0.4772727272727273
155520,94.0,92.0,34.0,47.0,60.0,0.5108695652173914,0.3617021276595745
155566,181.0,164.0,65.0,62.0,116.0,0.3780487804878049,0.35911602209944754
155593,128.0,86.0,91.0,42.0,37.0,0.4883720930232558,0.7109375
155618,95.0,65.0,50.0,41.0,45.0,0.6307692307692307,0.5263157894736842
155627,76.0,110.0,20.0,34.0,56.0,0.3090909090909091,0.2631578947368421
155681,380.0,683.0,164.0,433.0,216.0,0.6339677891654466,0.43157894736842106
155715,170.0,154.0,58.0,76.0,112.0,0.4935064935064935,0.3411764705882353
155812,50.0,74.0,14.0,33.0,36.0,0.44594594594594594,0.28
155830,47.0,46.0,32.0,41.0,15.0,0.8913043478260869,0.6808510638297872
155858,167.0,234.0,84.0,102.0,83.0,0.4358974358974359,0.5029940119760479
155900,83.0,106.0,29.0,43.0,54.0,0.4056603773584906,0.3493975903614458
155937,68.0,62.0,23.0,25.0,45.0,0.4032258064516129,0.3382352941176471
155973,64.0,79.0,24.0,37.0,40.0,0.46835443037974683,0.375
156082,373.0,575.0,173.0,400.0,200.0,0.6956521739130435,0.46380697050938335
156107,269.0,190.0,132.0,100.0,137.0,0.5263157894736842,0.49070631970260226
156125,600.0,946.0,320.0,512.0,280.0,0.5412262156448203,0.5333333333333333
156189,98.0,73.0,34.0,35.0,64.0,0.4794520547945205,0.3469387755102041
156213,90.0,223.0,54.0,168.0,36.0,0.7533632286995515,0.6
156231,288.0,128.0,146.0,69.0,142.0,0.5390625,0.5069444444444444
156286,216.0,420.0,113.0,267.0,103.0,0.6357142857142857,0.5231481481481481
156295,368.0,49.0,220.0,40.0,148.0,0.8163265306122449,0.5978260869565217
156338,178.0,109.0,78.0,58.0,100.0,0.5321100917431193,0.43820224719101125
156356,71.0,54.0,31.0,29.0,40.0,0.5370370370370371,0.43661971830985913
156365,291.0,339.0,91.0,171.0,200.0,0.504424778761062,0.3127147766323024
156392,801.0,718.0,253.0,263.0,548.0,0.36629526462395545,0.31585518102372034
156408,66.0,354.0,53.0,294.0,13.0,0.8305084745762712,0.803030303030303
156471,101.0,53.0,88.0,47.0,13.0,0.8867924528301887,0.8712871287128713
156541,168.0,165.0,64.0,82.0,104.0,0.49696969696969695,0.38095238095238093
156620,1191.0,1442.0,470.0,810.0,721.0,0.5617198335644937,0.39462636439966414
156648,447.0,342.0,173.0,167.0,274.0,0.48830409356725146,0.3870246085011186
156745,110.0,187.0,37.0,101.0,73.0,0.5401069518716578,0.33636363636363636
156790,369.0,89.0,160.0,52.0,209.0,0.5842696629213483,0.43360433604336046
156851,90.0,65.0,35.0,35.0,55.0,0.5384615384615384,0.3888888888888889
156860,135.0,68.0,44.0,32.0,91.0,0.47058823529411764,0.32592592592592595
156921,491.0,475.0,168.0,165.0,323.0,0.3473684210526316,0.3421588594704684
157058,148.0,60.0,54.0,22.0,94.0,0.36666666666666664,0.36486486486486486
157076,93.0,107.0,36.0,62.0,57.0,0.5794392523364486,0.3870967741935484
157085,1231.0,3865.0,684.0,2864.0,547.0,0.7410090556274256,0.5556458164094232
157100,87.0,64.0,27.0,23.0,60.0,0.359375,0.3103448275862069
157216,303.0,189.0,91.0,91.0,212.0,0.48148148148148145,0.30033003300330036
157289,829.0,1936.0,452.0,1318.0,377.0,0.6807851239669421,0.5452352231604343
157304,149.0,97.0,75.0,54.0,74.0,0.5567010309278351,0.5033557046979866
157331,284.0,99.0,125.0,49.0,159.0,0.494949494949495,0.44014084507042256
157377,68.0,67.0,32.0,32.0,36.0,0.47761194029850745,0.47058823529411764
157386,660.0,715.0,271.0,421.0,389.0,0.5888111888111888,0.4106060606060606
157401,481.0,1045.0,241.0,670.0,240.0,0.6411483253588517,0.501039501039501
157438,172.0,164.0,84.0,82.0,88.0,0.5,0.4883720930232558
157447,826.0,1348.0,313.0,796.0,513.0,0.5905044510385756,0.3789346246973366
157483,484.0,350.0,273.0,219.0,211.0,0.6257142857142857,0.5640495867768595
157535,220.0,108.0,65.0,54.0,155.0,0.5,0.29545454545454547
157553,467.0,112.0,144.0,44.0,323.0,0.39285714285714285,0.3083511777301927
157711,614.0,222.0,199.0,86.0,415.0,0.38738738738738737,0.3241042345276873
157739,295.0,57.0,114.0,23.0,181.0,0.40350877192982454,0.3864406779661017
157757,79.0,76.0,29.0,40.0,50.0,0.5263157894736842,0.3670886075949367
157793,207.0,36.0,39.0,26.0,168.0,0.7222222222222222,0.18840579710144928
157809,168.0,264.0,61.0,130.0,107.0,0.49242424242424243,0.3630952380952381
157818,66.0,179.0,38.0,130.0,28.0,0.7262569832402235,0.5757575757575758
157863,167.0,103.0,66.0,28.0,101.0,0.27184466019417475,0.39520958083832336
157951,1268.0,1965.0,484.0,1193.0,784.0,0.6071246819338423,0.38170347003154576
158088,263.0,381.0,203.0,253.0,60.0,0.6640419947506562,0.7718631178707225
158431,694.0,330.0,139.0,108.0,555.0,0.32727272727272727,0.20028818443804033
158477,45.0,87.0,29.0,50.0,16.0,0.5747126436781609,0.6444444444444445
158662,1226.0,398.0,209.0,110.0,1017.0,0.27638190954773867,0.17047308319738988
158802,287.0,71.0,127.0,51.0,160.0,0.7183098591549296,0.4425087108013937
158884,114.0,38.0,41.0,12.0,73.0,0.3157894736842105,0.35964912280701755
159009,780.0,174.0,275.0,81.0,505.0,0.46551724137931033,0.3525641025641026
159197,82.0,54.0,50.0,33.0,32.0,0.6111111111111112,0.6097560975609756
159382,292.0,234.0,90.0,66.0,202.0,0.28205128205128205,0.3082191780821918
159391,1292.0,4243.0,746.0,3172.0,546.0,0.7475842564223427,0.5773993808049536
159407,400.0,357.0,70.0,90.0,330.0,0.25210084033613445,0.175
159416,131.0,132.0,39.0,50.0,92.0,0.3787878787878788,0.29770992366412213
159568,145.0,108.0,49.0,44.0,96.0,0.4074074074074074,0.33793103448275863
159647,699.0,1355.0,330.0,919.0,369.0,0.6782287822878229,0.4721030042918455
159656,201.0,417.0,129.0,287.0,72.0,0.6882494004796164,0.6417910447761194
159717,456.0,835.0,171.0,449.0,285.0,0.5377245508982036,0.375
159939,421.0,474.0,151.0,210.0,270.0,0.4430379746835443,0.3586698337292161
159966,542.0,619.0,218.0,355.0,324.0,0.5735056542810986,0.4022140221402214
159993,618.0,742.0,272.0,456.0,346.0,0.6145552560646901,0.4401294498381877
160010,276.0,91.0,130.0,47.0,146.0,0.5164835164835165,0.47101449275362317
160038,696.0,664.0,321.0,360.0,375.0,0.5421686746987951,0.46120689655172414
160065,56.0,45.0,19.0,22.0,37.0,0.4888888888888889,0.3392857142857143
160074,33.0,44.0,11.0,21.0,22.0,0.4772727272727273,0.3333333333333333
160481,249.0,172.0,107.0,84.0,142.0,0.4883720930232558,0.42971887550200805
160524,266.0,75.0,125.0,50.0,141.0,0.6666666666666666,0.4699248120300752
160579,393.0,263.0,176.0,162.0,217.0,0.6159695817490495,0.44783715012722647
160612,889.0,1233.0,327.0,631.0,562.0,0.5117599351175993,0.3678290213723285
160621,845.0,262.0,262.0,119.0,583.0,0.4541984732824427,0.31005917159763313
160649,618.0,166.0,76.0,15.0,542.0,0.09036144578313253,0.12297734627831715
160658,1126.0,1932.0,474.0,1183.0,652.0,0.6123188405797102,0.42095914742451157
160667,327.0,194.0,123.0,87.0,204.0,0.4484536082474227,0.3761467889908257
160755,143.0,1715.0,119.0,1508.0,24.0,0.8793002915451895,0.8321678321678322
160904,443.0,325.0,188.0,210.0,255.0,0.6461538461538462,0.42437923250564336
160977,54.0,443.0,48.0,413.0,6.0,0.9322799097065463,0.8888888888888888
161004,71.0,432.0,67.0,407.0,4.0,0.9421296296296297,0.9436619718309859
161077,362.0,212.0,106.0,86.0,256.0,0.4056603773584906,0.292817679558011
161086,80.0,430.0,72.0,379.0,8.0,0.8813953488372093,0.9
161138,295.0,179.0,90.0,68.0,205.0,0.37988826815642457,0.3050847457627119
161192,126.0,82.0,50.0,37.0,76.0,0.45121951219512196,0.3968253968253968
161217,148.0,72.0,35.0,21.0,113.0,0.2916666666666667,0.23648648648648649
161226,227.0,220.0,113.0,129.0,114.0,0.5863636363636363,0.4977973568281938
161235,79.0,91.0,27.0,37.0,52.0,0.4065934065934066,0.34177215189873417
161253,717.0,1626.0,333.0,979.0,384.0,0.602091020910209,0.46443514644351463
161299,49.0,197.0,30.0,140.0,19.0,0.7106598984771574,0.6122448979591837
161341,100.0,72.0,29.0,25.0,71.0,0.3472222222222222,0.29
161457,167.0,552.0,89.0,364.0,78.0,0.6594202898550725,0.5329341317365269
161484,90.0,42.0,40.0,20.0,50.0,0.47619047619047616,0.4444444444444444
161509,51.0,77.0,23.0,40.0,28.0,0.5194805194805194,0.45098039215686275
161518,93.0,197.0,48.0,139.0,45.0,0.7055837563451777,0.5161290322580645
161545,549.0,465.0,140.0,165.0,409.0,0.3548387096774194,0.2550091074681239
161554,350.0,454.0,142.0,220.0,208.0,0.4845814977973568,0.4057142857142857
161563,131.0,148.0,60.0,80.0,71.0,0.5405405405405406,0.4580152671755725
161572,92.0,123.0,42.0,70.0,50.0,0.5691056910569106,0.45652173913043476
161581,69.0,46.0,34.0,29.0,35.0,0.6304347826086957,0.4927536231884058
161688,301.0,208.0,90.0,83.0,211.0,0.39903846153846156,0.29900332225913623
161767,329.0,1006.0,126.0,414.0,203.0,0.4115308151093439,0.3829787234042553
161864,276.0,135.0,60.0,40.0,216.0,0.2962962962962963,0.21739130434782608
161873,74.0,70.0,29.0,28.0,45.0,0.4,0.3918918918918919
162007,551.0,442.0,228.0,192.0,323.0,0.4343891402714932,0.41379310344827586
162061,48.0,55.0,25.0,30.0,23.0,0.5454545454545454,0.5208333333333334
162104,126.0,161.0,19.0,47.0,107.0,0.2919254658385093,0.15079365079365079
162122,373.0,934.0,119.0,414.0,254.0,0.44325481798715205,0.3190348525469169
162168,149.0,165.0,42.0,59.0,107.0,0.3575757575757576,0.28187919463087246
162210,52.0,35.0,25.0,17.0,27.0,0.4857142857142857,0.4807692307692308
162283,269.0,134.0,64.0,45.0,205.0,0.3358208955223881,0.2379182156133829
162557,232.0,712.0,94.0,325.0,138.0,0.45646067415730335,0.4051724137931034
162584,367.0,484.0,170.0,259.0,197.0,0.5351239669421488,0.46321525885558584
162609,142.0,87.0,28.0,34.0,114.0,0.39080459770114945,0.19718309859154928
162654,132.0,308.0,87.0,172.0,45.0,0.5584415584415584,0.6590909090909091
162690,152.0,244.0,51.0,102.0,101.0,0.4180327868852459,0.3355263157894737
162706,310.0,615.0,108.0,258.0,202.0,0.4195121951219512,0.34838709677419355
162760,97.0,126.0,54.0,81.0,43.0,0.6428571428571429,0.5567010309278351
162779,519.0,817.0,136.0,323.0,383.0,0.3953488372093023,0.26204238921001927
162928,178.0,1183.0,163.0,1121.0,15.0,0.9475908706677938,0.9157303370786517
163028,354.0,149.0,206.0,110.0,148.0,0.738255033557047,0.5819209039548022
163046,135.0,958.0,104.0,757.0,31.0,0.7901878914405011,0.7703703703703704
163204,153.0,223.0,28.0,53.0,125.0,0.23766816143497757,0.1830065359477124
163268,345.0,1196.0,220.0,885.0,125.0,0.7399665551839465,0.6376811594202898
163286,800.0,5015.0,652.0,4527.0,148.0,0.902691924227318,0.815
163295,65.0,289.0,44.0,227.0,21.0,0.7854671280276817,0.676923076923077
163338,405.0,319.0,158.0,128.0,247.0,0.4012539184952978,0.39012345679012345
163426,1070.0,1378.0,374.0,551.0,696.0,0.39985486211901305,0.34953271028037386
163453,566.0,644.0,254.0,344.0,312.0,0.5341614906832298,0.44876325088339225
163462,104.0,318.0,59.0,217.0,45.0,0.6823899371069182,0.5673076923076923
163578,40.0,56.0,23.0,35.0,17.0,0.625,0.575
163657,828.0,747.0,136.0,159.0,692.0,0.21285140562248997,0.1642512077294686
163851,375.0,1183.0,214.0,822.0,161.0,0.694843617920541,0.5706666666666667
163912,65.0,271.0,42.0,196.0,23.0,0.7232472324723247,0.6461538461538462
164076,710.0,2075.0,501.0,1480.0,209.0,0.7132530120481928,0.7056338028169014
164173,248.0,538.0,142.0,373.0,106.0,0.6933085501858736,0.5725806451612904
164216,92.0,330.0,63.0,238.0,29.0,0.7212121212121212,0.6847826086956522
164270,138.0,250.0,82.0,177.0,56.0,0.708,0.5942028985507246
164313,235.0,163.0,56.0,49.0,179.0,0.3006134969325153,0.23829787234042554
164447,197.0,132.0,61.0,58.0,136.0,0.4393939393939394,0.3096446700507614
164465,105.0,366.0,98.0,337.0,7.0,0.9207650273224044,0.9333333333333333
164492,126.0,95.0,51.0,40.0,75.0,0.42105263157894735,0.40476190476190477
164562,107.0,470.0,70.0,348.0,37.0,0.7404255319148936,0.6542056074766355
164580,76.0,553.0,73.0,508.0,3.0,0.918625678119349,0.9605263157894737
164632,93.0,61.0,52.0,31.0,41.0,0.5081967213114754,0.5591397849462365
164739,150.0,893.0,131.0,790.0,19.0,0.8846584546472565,0.8733333333333333
164748,207.0,1253.0,126.0,873.0,81.0,0.6967278531524341,0.6086956521739131
164775,104.0,97.0,31.0,46.0,73.0,0.4742268041237113,0.2980769230769231
164924,297.0,2019.0,267.0,1850.0,30.0,0.9162951956414066,0.898989898989899
164988,537.0,3478.0,466.0,3043.0,71.0,0.8749281196089707,0.8677839851024208
165015,170.0,775.0,144.0,682.0,26.0,0.88,0.8470588235294118
165024,548.0,883.0,283.0,546.0,265.0,0.6183465458663646,0.5164233576642335
165033,779.0,666.0,214.0,248.0,565.0,0.37237237237237236,0.27471116816431324
165112,566.0,596.0,141.0,201.0,425.0,0.337248322147651,0.24911660777385158
165194,158.0,200.0,53.0,63.0,105.0,0.315,0.33544303797468356
165334,97.0,451.0,72.0,347.0,25.0,0.7694013303769401,0.7422680412371134
165529,231.0,444.0,92.0,267.0,139.0,0.6013513513513513,0.39826839826839827
165574,191.0,271.0,60.0,142.0,131.0,0.5239852398523985,0.31413612565445026
165644,74.0,94.0,37.0,56.0,37.0,0.5957446808510638,0.5
165662,142.0,739.0,107.0,575.0,35.0,0.7780784844384303,0.7535211267605634
165671,171.0,428.0,101.0,294.0,70.0,0.6869158878504673,0.5906432748538012
165699,117.0,610.0,81.0,481.0,36.0,0.7885245901639344,0.6923076923076923
165802,151.0,125.0,35.0,38.0,116.0,0.304,0.23178807947019867
165820,326.0,439.0,176.0,269.0,150.0,0.6127562642369021,0.5398773006134969
165866,294.0,459.0,144.0,274.0,150.0,0.5969498910675382,0.4897959183673469
165884,246.0,64.0,86.0,33.0,160.0,0.515625,0.34959349593495936
165936,95.0,327.0,61.0,233.0,34.0,0.7125382262996942,0.6421052631578947
165981,81.0,97.0,23.0,35.0,58.0,0.36082474226804123,0.2839506172839506
166018,87.0,239.0,51.0,146.0,36.0,0.6108786610878661,0.5862068965517241
166027,252.0,1407.0,247.0,1390.0,5.0,0.9879175550817342,0.9801587301587301
166124,133.0,632.0,120.0,578.0,13.0,0.9145569620253164,0.9022556390977443
166133,599.0,455.0,167.0,171.0,432.0,0.3758241758241758,0.27879799666110183
166391,141.0,304.0,82.0,189.0,59.0,0.6217105263157895,0.5815602836879432
166452,105.0,265.0,62.0,165.0,43.0,0.6226415094339622,0.5904761904761905
166513,437.0,1266.0,295.0,944.0,142.0,0.7456556082148499,0.6750572082379863
166629,1052.0,3817.0,819.0,3243.0,233.0,0.8496201205134922,0.7785171102661597
166638,715.0,895.0,366.0,482.0,349.0,0.5385474860335195,0.5118881118881119
166647,251.0,387.0,73.0,101.0,178.0,0.26098191214470284,0.2908366533864542
166656,260.0,539.0,152.0,390.0,108.0,0.7235621521335807,0.5846153846153846
166674,108.0,266.0,76.0,176.0,32.0,0.6616541353383458,0.7037037037037037
166683,181.0,926.0,166.0,896.0,15.0,0.9676025917926566,0.9171270718232044
166692,64.0,333.0,44.0,276.0,20.0,0.8288288288288288,0.6875
166823,534.0,690.0,135.0,209.0,399.0,0.30289855072463767,0.25280898876404495
166850,203.0,826.0,127.0,574.0,76.0,0.6949152542372882,0.625615763546798
166887,419.0,661.0,117.0,208.0,302.0,0.3146747352496218,0.27923627684964203
166911,48.0,47.0,27.0,30.0,21.0,0.6382978723404256,0.5625
166939,110.0,503.0,88.0,418.0,22.0,0.831013916500994,0.8
166957,284.0,255.0,83.0,93.0,201.0,0.36470588235294116,0.29225352112676056
167260,126.0,230.0,76.0,132.0,50.0,0.5739130434782609,0.6031746031746031
167288,151.0,176.0,81.0,103.0,70.0,0.5852272727272727,0.5364238410596026
167312,399.0,373.0,105.0,128.0,294.0,0.34316353887399464,0.2631578947368421
167358,407.0,2991.0,365.0,2753.0,42.0,0.9204279505182213,0.8968058968058968
167376,426.0,379.0,107.0,99.0,319.0,0.2612137203166227,0.2511737089201878
167394,84.0,83.0,53.0,70.0,31.0,0.8433734939759037,0.6309523809523809
167525,346.0,342.0,78.0,110.0,268.0,0.3216374269005848,0.2254335260115607
167534,464.0,505.0,142.0,170.0,322.0,0.33663366336633666,0.30603448275862066
167598,93.0,143.0,53.0,108.0,40.0,0.7552447552447552,0.5698924731182796
167631,94.0,68.0,41.0,35.0,53.0,0.5147058823529411,0.43617021276595747
167729,510.0,665.0,263.0,399.0,247.0,0.6,0.515686274509804
167783,125.0,332.0,86.0,254.0,39.0,0.7650602409638554,0.688
167792,32.0,127.0,20.0,92.0,12.0,0.7244094488188977,0.625
167835,125.0,530.0,110.0,474.0,15.0,0.8943396226415095,0.88
167899,151.0,392.0,88.0,309.0,63.0,0.7882653061224489,0.5827814569536424
167905,560.0,281.0,168.0,125.0,392.0,0.44483985765124556,0.3
167987,569.0,796.0,281.0,479.0,288.0,0.6017587939698492,0.4938488576449912
167996,103.0,628.0,75.0,504.0,28.0,0.802547770700637,0.7281553398058253
168005,367.0,848.0,222.0,512.0,145.0,0.6037735849056604,0.6049046321525886
168148,130.0,1206.0,121.0,1135.0,9.0,0.9411276948590381,0.9307692307692308
168218,114.0,476.0,105.0,433.0,9.0,0.9096638655462185,0.9210526315789473
168227,239.0,718.0,159.0,511.0,80.0,0.7116991643454039,0.6652719665271967
168254,204.0,521.0,110.0,380.0,94.0,0.7293666026871402,0.5392156862745098
168263,318.0,756.0,170.0,493.0,148.0,0.6521164021164021,0.5345911949685535
168281,93.0,437.0,72.0,353.0,21.0,0.8077803203661327,0.7741935483870968
168342,116.0,436.0,106.0,425.0,10.0,0.9747706422018348,0.9137931034482759
168421,129.0,996.0,105.0,897.0,24.0,0.9006024096385542,0.813953488372093
168430,277.0,534.0,136.0,347.0,141.0,0.649812734082397,0.49097472924187724
168528,193.0,302.0,79.0,174.0,114.0,0.5761589403973509,0.40932642487046633
168546,179.0,223.0,95.0,147.0,84.0,0.6591928251121076,0.5307262569832403
168591,161.0,289.0,90.0,189.0,71.0,0.6539792387543253,0.5590062111801242
168607,203.0,143.0,89.0,82.0,114.0,0.5734265734265734,0.43842364532019706
168740,85.0,211.0,52.0,161.0,33.0,0.7630331753554502,0.611764705882353
168786,110.0,198.0,67.0,119.0,43.0,0.601010101010101,0.6090909090909091
168847,1213.0,594.0,249.0,162.0,964.0,0.2727272727272727,0.20527617477328935
168883,164.0,126.0,53.0,58.0,111.0,0.4603174603174603,0.3231707317073171
169080,180.0,721.0,126.0,573.0,54.0,0.7947295423023578,0.7
169248,1243.0,2232.0,629.0,1562.0,614.0,0.6998207885304659,0.5060337892196299
169275,444.0,403.0,139.0,144.0,305.0,0.3573200992555831,0.3130630630630631
169363,83.0,117.0,38.0,66.0,45.0,0.5641025641025641,0.4578313253012048
169442,85.0,178.0,46.0,129.0,39.0,0.7247191011235955,0.5411764705882353
169479,226.0,339.0,88.0,192.0,138.0,0.5663716814159292,0.3893805309734513
169521,611.0,508.0,156.0,174.0,455.0,0.3425196850393701,0.2553191489361702
169655,340.0,140.0,222.0,89.0,118.0,0.6357142857142857,0.6529411764705882
169716,163.0,361.0,113.0,276.0,50.0,0.7645429362880887,0.6932515337423313
169761,320.0,64.0,192.0,31.0,128.0,0.484375,0.6
169798,1286.0,1511.0,525.0,829.0,761.0,0.5486432825943084,0.4082426127527216
169910,822.0,1026.0,370.0,671.0,452.0,0.6539961013645225,0.45012165450121655
169974,85.0,63.0,33.0,24.0,52.0,0.38095238095238093,0.38823529411764707
169983,73.0,302.0,56.0,218.0,17.0,0.7218543046357616,0.7671232876712328
169992,119.0,118.0,38.0,46.0,81.0,0.3898305084745763,0.31932773109243695
170000,66.0,50.0,31.0,26.0,35.0,0.52,0.4696969696969697
170037,100.0,191.0,53.0,127.0,47.0,0.6649214659685864,0.53
170055,662.0,895.0,179.0,263.0,483.0,0.293854748603352,0.270392749244713
170082,1229.0,3079.0,746.0,2187.0,483.0,0.7102955505034102,0.6069975589910497
170240,1151.0,528.0,336.0,195.0,815.0,0.3693181818181818,0.29192006950477845
170301,156.0,567.0,111.0,471.0,45.0,0.8306878306878307,0.7115384615384616
170444,851.0,437.0,169.0,118.0,682.0,0.2700228832951945,0.19858989424206816
170532,81.0,265.0,64.0,213.0,17.0,0.8037735849056604,0.7901234567901234
170541,423.0,443.0,120.0,163.0,303.0,0.36794582392776526,0.28368794326241137
170550,235.0,237.0,79.0,79.0,156.0,0.3333333333333333,0.33617021276595743
170587,126.0,81.0,44.0,32.0,82.0,0.3950617283950617,0.3492063492063492
170620,259.0,208.0,76.0,60.0,183.0,0.28846153846153844,0.29343629343629346
170639,140.0,249.0,65.0,141.0,75.0,0.5662650602409639,0.4642857142857143
170657,727.0,958.0,203.0,313.0,524.0,0.3267223382045929,0.2792297111416781
170675,85.0,282.0,48.0,209.0,37.0,0.7411347517730497,0.5647058823529412
170790,1206.0,1189.0,196.0,256.0,1010.0,0.21530698065601345,0.1625207296849088
170806,92.0,123.0,46.0,63.0,46.0,0.5121951219512195,0.5
170967,53.0,80.0,15.0,41.0,38.0,0.5125,0.2830188679245283
170976,1115.0,5577.0,963.0,5292.0,152.0,0.9488972565895643,0.863677130044843
171100,1595.0,6501.0,1165.0,5509.0,430.0,0.8474080910629134,0.7304075235109718
171128,295.0,1090.0,174.0,787.0,121.0,0.7220183486238532,0.5898305084745763
171137,457.0,591.0,256.0,375.0,201.0,0.6345177664974619,0.5601750547045952
171146,283.0,357.0,121.0,201.0,162.0,0.5630252100840336,0.4275618374558304
171155,279.0,249.0,40.0,65.0,239.0,0.26104417670682734,0.14336917562724014
171225,187.0,224.0,39.0,73.0,148.0,0.32589285714285715,0.20855614973262032
171234,106.0,92.0,28.0,31.0,78.0,0.33695652173913043,0.2641509433962264
171304,257.0,238.0,64.0,68.0,193.0,0.2857142857142857,0.2490272373540856
171395,164.0,134.0,41.0,53.0,123.0,0.39552238805970147,0.25
171456,504.0,889.0,230.0,559.0,274.0,0.6287964004499438,0.45634920634920634
171483,191.0,292.0,66.0,116.0,125.0,0.3972602739726027,0.34554973821989526
171492,84.0,238.0,48.0,159.0,36.0,0.6680672268907563,0.5714285714285714
171535,583.0,950.0,132.0,242.0,451.0,0.25473684210526315,0.22641509433962265
171571,829.0,1725.0,441.0,1109.0,388.0,0.6428985507246376,0.5319662243667069
171599,193.0,157.0,74.0,79.0,119.0,0.5031847133757962,0.38341968911917096
172051,492.0,913.0,213.0,528.0,279.0,0.5783132530120482,0.4329268292682927
172200,526.0,610.0,118.0,184.0,408.0,0.3016393442622951,0.22433460076045628
172264,131.0,166.0,51.0,105.0,80.0,0.6325301204819277,0.3893129770992366
172291,231.0,240.0,68.0,98.0,163.0,0.4083333333333333,0.2943722943722944
172307,316.0,192.0,90.0,77.0,226.0,0.4010416666666667,0.2848101265822785
172334,113.0,192.0,62.0,126.0,51.0,0.65625,0.5486725663716814
172617,329.0,433.0,116.0,213.0,213.0,0.49191685912240185,0.3525835866261398
172635,641.0,221.0,137.0,60.0,504.0,0.27149321266968324,0.21372854914196568
172644,1022.0,1409.0,598.0,930.0,424.0,0.6600425833924769,0.5851272015655578
172671,70.0,56.0,21.0,17.0,49.0,0.30357142857142855,0.3
172699,1048.0,1906.0,495.0,1201.0,553.0,0.630115424973767,0.4723282442748092
172918,195.0,291.0,104.0,188.0,91.0,0.6460481099656358,0.5333333333333333
172954,69.0,146.0,31.0,76.0,38.0,0.5205479452054794,0.4492753623188406
172963,362.0,517.0,104.0,164.0,258.0,0.31721470019342357,0.287292817679558
173045,242.0,237.0,131.0,142.0,111.0,0.5991561181434599,0.5413223140495868
173063,206.0,213.0,79.0,112.0,127.0,0.5258215962441315,0.38349514563106796
173115,58.0,40.0,25.0,13.0,33.0,0.325,0.43103448275862066
173124,266.0,544.0,110.0,304.0,156.0,0.5588235294117647,0.41353383458646614
173142,44.0,99.0,22.0,58.0,22.0,0.5858585858585859,0.5
173160,131.0,443.0,83.0,345.0,48.0,0.7787810383747178,0.6335877862595419
173203,278.0,246.0,112.0,125.0,166.0,0.508130081300813,0.4028776978417266
173258,93.0,475.0,81.0,435.0,12.0,0.9157894736842105,0.8709677419354839
173300,123.0,426.0,65.0,315.0,58.0,0.7394366197183099,0.5284552845528455
173328,96.0,148.0,36.0,90.0,60.0,0.6081081081081081,0.375
173416,125.0,250.0,68.0,149.0,57.0,0.596,0.544
173452,62.0,135.0,44.0,105.0,18.0,0.7777777777777778,0.7096774193548387
173461,220.0,311.0,69.0,155.0,151.0,0.4983922829581994,0.31363636363636366
173559,418.0,409.0,167.0,213.0,251.0,0.5207823960880196,0.39952153110047844
173638,181.0,147.0,80.0,86.0,101.0,0.5850340136054422,0.4419889502762431
173647,159.0,386.0,112.0,303.0,47.0,0.7849740932642487,0.7044025157232704
173665,211.0,346.0,130.0,273.0,81.0,0.7890173410404624,0.6161137440758294
173708,189.0,218.0,65.0,93.0,124.0,0.42660550458715596,0.3439153439153439
173735,513.0,494.0,184.0,255.0,329.0,0.5161943319838057,0.3586744639376218
173799,219.0,337.0,51.0,117.0,168.0,0.34718100890207715,0.2328767123287671
173902,79.0,426.0,67.0,379.0,12.0,0.8896713615023474,0.8481012658227848
173911,294.0,252.0,106.0,102.0,188.0,0.40476190476190477,0.36054421768707484
173920,680.0,1846.0,308.0,1103.0,372.0,0.5975081256771397,0.45294117647058824
174066,1055.0,4815.0,808.0,4202.0,247.0,0.8726895119418484,0.7658767772511849
174075,70.0,147.0,39.0,75.0,31.0,0.5102040816326531,0.5571428571428572
174127,57.0,114.0,36.0,65.0,21.0,0.5701754385964912,0.631578947368421
174136,473.0,279.0,98.0,99.0,375.0,0.3548387096774194,0.20718816067653276
174233,492.0,1636.0,258.0,1095.0,234.0,0.6693154034229829,0.524390243902439
174251,131.0,242.0,73.0,150.0,58.0,0.6198347107438017,0.5572519083969466
174358,249.0,656.0,124.0,376.0,125.0,0.573170731707317,0.4979919678714859
174376,288.0,253.0,74.0,93.0,214.0,0.3675889328063241,0.2569444444444444
174428,563.0,682.0,171.0,214.0,392.0,0.31378299120234604,0.3037300177619893
174437,93.0,129.0,45.0,78.0,48.0,0.6046511627906976,0.4838709677419355
174473,268.0,209.0,119.0,105.0,149.0,0.5023923444976076,0.44402985074626866
174491,122.0,290.0,79.0,211.0,43.0,0.7275862068965517,0.6475409836065574
174738,402.0,462.0,131.0,152.0,271.0,0.329004329004329,0.32587064676616917
174747,135.0,372.0,95.0,301.0,40.0,0.8091397849462365,0.7037037037037037
174756,346.0,373.0,110.0,157.0,236.0,0.42091152815013405,0.3179190751445087
174783,656.0,1216.0,242.0,632.0,414.0,0.5197368421052632,0.36890243902439024
174792,106.0,357.0,68.0,282.0,38.0,0.7899159663865546,0.6415094339622641
174817,90.0,197.0,58.0,130.0,32.0,0.6598984771573604,0.6444444444444445
174844,138.0,684.0,116.0,581.0,22.0,0.8494152046783626,0.8405797101449275
174862,65.0,94.0,29.0,53.0,36.0,0.5638297872340425,0.4461538461538462
174899,114.0,337.0,68.0,237.0,46.0,0.7032640949554896,0.5964912280701754
174914,223.0,1136.0,161.0,926.0,62.0,0.8151408450704225,0.7219730941704036
175005,240.0,184.0,147.0,127.0,93.0,0.6902173913043478,0.6125
175014,176.0,82.0,75.0,39.0,101.0,0.47560975609756095,0.42613636363636365
175041,595.0,246.0,198.0,105.0,397.0,0.4268292682926829,0.33277310924369746
175078,187.0,357.0,63.0,149.0,124.0,0.4173669467787115,0.33689839572192515
175227,142.0,151.0,67.0,96.0,75.0,0.6357615894039735,0.47183098591549294
175236,327.0,398.0,146.0,227.0,181.0,0.5703517587939698,0.44648318042813456
175263,133.0,92.0,43.0,45.0,90.0,0.4891304347826087,0.3233082706766917
175272,410.0,1167.0,216.0,769.0,194.0,0.6589545844044559,0.526829268292683
175315,487.0,569.0,153.0,208.0,334.0,0.3655536028119508,0.3141683778234086
175342,437.0,113.0,196.0,70.0,241.0,0.6194690265486725,0.448512585812357
175421,128.0,112.0,49.0,59.0,79.0,0.5267857142857143,0.3828125
175430,49.0,62.0,16.0,27.0,33.0,0.43548387096774194,0.32653061224489793
175519,452.0,35.0,166.0,7.0,286.0,0.2,0.3672566371681416
175573,530.0,298.0,264.0,181.0,266.0,0.6073825503355704,0.4981132075471698
175616,165.0,182.0,65.0,97.0,100.0,0.532967032967033,0.3939393939393939
175643,448.0,263.0,196.0,156.0,252.0,0.5931558935361216,0.4375
175652,568.0,423.0,220.0,256.0,348.0,0.6052009456264775,0.3873239436619718
175786,2110.0,752.0,856.0,468.0,1254.0,0.6223404255319149,0.4056872037914692
175810,833.0,480.0,404.0,223.0,429.0,0.46458333333333335,0.4849939975990396
175829,1002.0,510.0,443.0,316.0,559.0,0.6196078431372549,0.4421157684630739
175856,793.0,515.0,322.0,151.0,471.0,0.29320388349514565,0.4060529634300126
175883,808.0,644.0,280.0,237.0,528.0,0.36801242236024845,0.3465346534653465
175935,385.0,229.0,167.0,105.0,218.0,0.4585152838427948,0.43376623376623374
175980,83.0,177.0,41.0,122.0,42.0,0.6892655367231638,0.4939759036144578
176008,506.0,111.0,203.0,42.0,303.0,0.3783783783783784,0.40118577075098816
176017,896.0,3078.0,477.0,2221.0,419.0,0.7215724496426251,0.5323660714285714
176035,130.0,171.0,55.0,59.0,75.0,0.34502923976608185,0.4230769230769231
176044,300.0,110.0,75.0,35.0,225.0,0.3181818181818182,0.25
176053,176.0,413.0,81.0,278.0,95.0,0.6731234866828087,0.4602272727272727
176071,1436.0,838.0,513.0,413.0,923.0,0.4928400954653938,0.35724233983286907
176080,1203.0,2462.0,579.0,1764.0,624.0,0.7164906580016247,0.48129675810473815
176169,740.0,392.0,255.0,189.0,485.0,0.48214285714285715,0.34459459459459457
176178,1241.0,765.0,478.0,344.0,763.0,0.4496732026143791,0.3851732473811442
176239,811.0,347.0,280.0,144.0,531.0,0.414985590778098,0.34525277435265106
176318,250.0,46.0,51.0,12.0,199.0,0.2608695652173913,0.204
176354,464.0,209.0,207.0,118.0,257.0,0.5645933014354066,0.44612068965517243
176372,723.0,886.0,312.0,532.0,411.0,0.600451467268623,0.4315352697095436
176406,164.0,37.0,64.0,13.0,100.0,0.35135135135135137,0.3902439024390244
176479,157.0,121.0,83.0,53.0,74.0,0.4380165289256198,0.5286624203821656
176628,88.0,115.0,38.0,66.0,50.0,0.5739130434782609,0.4318181818181818
176664,44.0,45.0,20.0,15.0,24.0,0.3333333333333333,0.45454545454545453
176947,108.0,164.0,49.0,95.0,59.0,0.5792682926829268,0.4537037037037037
176965,649.0,1000.0,295.0,577.0,354.0,0.577,0.45454545454545453
177065,247.0,212.0,90.0,106.0,157.0,0.5,0.3643724696356275
177117,45.0,52.0,26.0,29.0,19.0,0.5576923076923077,0.5777777777777777
177135,506.0,479.0,196.0,238.0,310.0,0.4968684759916493,0.38735177865612647
177144,124.0,154.0,56.0,80.0,68.0,0.5194805194805194,0.45161290322580644
177214,118.0,285.0,64.0,191.0,54.0,0.6701754385964912,0.5423728813559322
177250,289.0,281.0,108.0,131.0,181.0,0.46619217081850534,0.3737024221453287
177302,230.0,141.0,112.0,101.0,118.0,0.7163120567375887,0.48695652173913045
177339,160.0,227.0,116.0,160.0,44.0,0.7048458149779736,0.725
177418,41.0,100.0,20.0,63.0,21.0,0.63,0.4878048780487805
177472,1194.0,978.0,382.0,365.0,812.0,0.37321063394683024,0.31993299832495814
177542,70.0,89.0,41.0,46.0,29.0,0.5168539325842697,0.5857142857142857
177551,306.0,48.0,65.0,15.0,241.0,0.3125,0.21241830065359477
177676,483.0,476.0,146.0,210.0,337.0,0.4411764705882353,0.3022774327122153
177746,75.0,88.0,36.0,57.0,39.0,0.6477272727272727,0.48
177940,356.0,132.0,87.0,58.0,269.0,0.4393939393939394,0.2443820224719101
177968,340.0,756.0,153.0,434.0,187.0,0.5740740740740741,0.45
177977,273.0,289.0,206.0,223.0,67.0,0.7716262975778547,0.7545787545787546
177995,1172.0,1475.0,309.0,464.0,863.0,0.31457627118644066,0.2636518771331058
178059,149.0,427.0,89.0,290.0,60.0,0.6791569086651054,0.5973154362416108
178217,454.0,295.0,160.0,150.0,294.0,0.5084745762711864,0.3524229074889868
178244,113.0,172.0,38.0,81.0,75.0,0.47093023255813954,0.336283185840708
178341,573.0,495.0,173.0,235.0,400.0,0.47474747474747475,0.3019197207678883
178369,262.0,223.0,36.0,73.0,226.0,0.3273542600896861,0.13740458015267176
178387,398.0,429.0,131.0,214.0,267.0,0.4988344988344988,0.32914572864321606
178396,919.0,3785.0,599.0,2978.0,320.0,0.7867899603698811,0.6517954298150164
178402,474.0,772.0,227.0,485.0,247.0,0.6282383419689119,0.47890295358649787
178411,372.0,1111.0,195.0,751.0,177.0,0.675967596759676,0.5241935483870968
178420,178.0,255.0,79.0,155.0,99.0,0.6078431372549019,0.4438202247191011
178448,492.0,512.0,172.0,206.0,320.0,0.40234375,0.34959349593495936
178615,283.0,1013.0,171.0,747.0,112.0,0.7374136229022705,0.6042402826855123
178624,520.0,840.0,213.0,522.0,307.0,0.6214285714285714,0.4096153846153846
178679,50.0,70.0,28.0,48.0,22.0,0.6857142857142857,0.56
178697,263.0,194.0,159.0,125.0,104.0,0.6443298969072165,0.6045627376425855
178721,96.0,94.0,16.0,29.0,80.0,0.30851063829787234,0.16666666666666666
178891,229.0,216.0,98.0,127.0,131.0,0.5879629629629629,0.4279475982532751
179043,91.0,313.0,56.0,257.0,35.0,0.8210862619808307,0.6153846153846154
179159,286.0,1295.0,206.0,1078.0,80.0,0.8324324324324325,0.7202797202797203
179265,35.0,86.0,19.0,69.0,16.0,0.8023255813953488,0.5428571428571428
179308,1414.0,1309.0,304.0,374.0,1110.0,0.2857142857142857,0.214992927864215
179326,228.0,202.0,87.0,100.0,141.0,0.49504950495049505,0.3815789473684211
179344,275.0,135.0,78.0,51.0,197.0,0.37777777777777777,0.28363636363636363
179539,579.0,443.0,195.0,192.0,384.0,0.43340857787810383,0.33678756476683935
179548,89.0,74.0,82.0,64.0,7.0,0.8648648648648649,0.9213483146067416
179557,639.0,1194.0,295.0,744.0,344.0,0.6231155778894473,0.4616588419405321
179566,1031.0,2185.0,492.0,1415.0,539.0,0.6475972540045767,0.4772065955383123
179645,543.0,300.0,180.0,103.0,363.0,0.3433333333333333,0.3314917127071823
179715,208.0,159.0,78.0,89.0,130.0,0.559748427672956,0.375
179867,228.0,1535.0,211.0,1447.0,17.0,0.9426710097719869,0.9254385964912281
179894,167.0,286.0,87.0,177.0,80.0,0.6188811188811189,0.5209580838323353
179946,70.0,160.0,35.0,111.0,35.0,0.69375,0.5
179955,68.0,182.0,31.0,122.0,37.0,0.6703296703296703,0.45588235294117646
179964,72.0,172.0,36.0,93.0,36.0,0.5406976744186046,0.5
180054,49.0,30.0,47.0,10.0,2.0,0.3333333333333333,0.9591836734693877
180081,78.0,91.0,16.0,33.0,62.0,0.3626373626373626,0.20512820512820512
180106,70.0,270.0,46.0,192.0,24.0,0.7111111111111111,0.6571428571428571
180151,52.0,50.0,18.0,25.0,34.0,0.5,0.34615384615384615
180179,285.0,384.0,74.0,142.0,211.0,0.3697916666666667,0.2596491228070175
180197,146.0,199.0,54.0,73.0,92.0,0.36683417085427134,0.3698630136986301
180249,127.0,65.0,51.0,22.0,76.0,0.3384615384615385,0.4015748031496063
180258,44.0,59.0,15.0,31.0,29.0,0.5254237288135594,0.3409090909090909
180276,94.0,106.0,37.0,45.0,57.0,0.42452830188679247,0.39361702127659576
180373,52.0,81.0,27.0,46.0,25.0,0.5679012345679012,0.5192307692307693
180416,50.0,170.0,21.0,102.0,29.0,0.6,0.42
180461,655.0,2336.0,343.0,1498.0,312.0,0.6412671232876712,0.5236641221374045
180489,567.0,1044.0,217.0,521.0,350.0,0.4990421455938697,0.38271604938271603
180522,105.0,133.0,29.0,53.0,76.0,0.39849624060150374,0.2761904761904762
180595,74.0,149.0,28.0,74.0,46.0,0.4966442953020134,0.3783783783783784
180647,88.0,38.0,71.0,29.0,17.0,0.7631578947368421,0.8068181818181818
180692,130.0,223.0,67.0,145.0,63.0,0.6502242152466368,0.5153846153846153
180902,518.0,453.0,244.0,218.0,274.0,0.48123620309050774,0.47104247104247104
180948,146.0,249.0,51.0,126.0,95.0,0.5060240963855421,0.3493150684931507
180984,88.0,235.0,45.0,149.0,43.0,0.6340425531914894,0.5113636363636364
181002,140.0,898.0,101.0,717.0,39.0,0.7984409799554566,0.7214285714285714
181020,93.0,229.0,45.0,150.0,48.0,0.6550218340611353,0.4838709677419355
181127,83.0,192.0,36.0,114.0,47.0,0.59375,0.43373493975903615
181215,349.0,677.0,186.0,381.0,163.0,0.5627769571639586,0.5329512893982808
181303,500.0,740.0,117.0,207.0,383.0,0.2797297297297297,0.234
181312,168.0,225.0,62.0,117.0,106.0,0.52,0.36904761904761907
181330,134.0,206.0,39.0,114.0,95.0,0.5533980582524272,0.291044776119403
181394,781.0,1262.0,356.0,709.0,425.0,0.5618066561014263,0.4558258642765685
181446,119.0,303.0,59.0,194.0,60.0,0.6402640264026402,0.4957983193277311
181464,1257.0,3681.0,684.0,2584.0,573.0,0.701983156750883,0.5441527446300716
181491,406.0,498.0,198.0,292.0,208.0,0.5863453815261044,0.4876847290640394
181534,154.0,112.0,47.0,45.0,107.0,0.4017857142857143,0.3051948051948052
181604,35.0,72.0,20.0,52.0,15.0,0.7222222222222222,0.5714285714285714
181640,555.0,708.0,204.0,340.0,351.0,0.480225988700565,0.3675675675675676
181738,58.0,105.0,30.0,60.0,28.0,0.5714285714285714,0.5172413793103449
181765,39.0,71.0,25.0,34.0,14.0,0.4788732394366197,0.6410256410256411
181783,230.0,353.0,95.0,206.0,135.0,0.5835694050991501,0.41304347826086957
181817,151.0,201.0,45.0,72.0,106.0,0.3582089552238806,0.2980132450331126
181853,47.0,55.0,15.0,30.0,32.0,0.5454545454545454,0.3191489361702128
182005,1322.0,1339.0,420.0,443.0,902.0,0.3308439133681852,0.3177004538577912
182281,1603.0,2283.0,801.0,1228.0,802.0,0.5378887428821726,0.49968808484092325
182290,933.0,2682.0,513.0,1773.0,420.0,0.6610738255033557,0.5498392282958199
182306,93.0,165.0,48.0,95.0,45.0,0.5757575757575758,0.5161290322580645
182500,346.0,520.0,131.0,206.0,215.0,0.39615384615384613,0.3786127167630058
182564,171.0,230.0,72.0,104.0,99.0,0.45217391304347826,0.42105263157894735
182634,72.0,181.0,38.0,115.0,34.0,0.6353591160220995,0.5277777777777778
182670,166.0,953.0,154.0,914.0,12.0,0.9590766002098636,0.927710843373494
182795,222.0,432.0,94.0,241.0,128.0,0.5578703703703703,0.42342342342342343
182980,261.0,224.0,50.0,71.0,211.0,0.3169642857142857,0.19157088122605365
183026,1073.0,1259.0,256.0,676.0,817.0,0.5369340746624305,0.2385834109972041
183044,604.0,2305.0,460.0,1814.0,144.0,0.7869848156182213,0.7615894039735099
183062,263.0,782.0,149.0,474.0,114.0,0.6061381074168798,0.5665399239543726
183080,364.0,793.0,158.0,433.0,206.0,0.5460277427490542,0.4340659340659341
183099,323.0,504.0,94.0,198.0,229.0,0.39285714285714285,0.29102167182662536
183105,89.0,60.0,41.0,33.0,48.0,0.55,0.4606741573033708
183123,91.0,114.0,38.0,55.0,53.0,0.4824561403508772,0.4175824175824176
183132,135.0,201.0,50.0,78.0,85.0,0.3880597014925373,0.37037037037037035
183141,114.0,161.0,32.0,72.0,82.0,0.4472049689440994,0.2807017543859649
183150,90.0,172.0,31.0,61.0,59.0,0.3546511627906977,0.34444444444444444
183211,116.0,174.0,63.0,103.0,53.0,0.5919540229885057,0.5431034482758621
183239,82.0,436.0,68.0,375.0,14.0,0.8600917431192661,0.8292682926829268
183488,79.0,122.0,54.0,50.0,25.0,0.4098360655737705,0.6835443037974683
183655,662.0,383.0,175.0,128.0,487.0,0.3342036553524804,0.26435045317220546
183743,1387.0,1703.0,465.0,615.0,922.0,0.3611274221961245,0.33525594808940157
183789,555.0,163.0,251.0,83.0,304.0,0.50920245398773,0.45225225225225224
183822,390.0,128.0,134.0,55.0,256.0,0.4296875,0.3435897435897436
183859,797.0,1546.0,262.0,655.0,535.0,0.42367399741267786,0.328732747804266
183877,615.0,1144.0,251.0,514.0,364.0,0.4493006993006993,0.408130081300813
183910,202.0,223.0,123.0,164.0,79.0,0.7354260089686099,0.6089108910891089
183938,906.0,837.0,231.0,340.0,675.0,0.4062126642771804,0.25496688741721857
183974,122.0,128.0,84.0,81.0,38.0,0.6328125,0.6885245901639344
184180,347.0,838.0,128.0,418.0,219.0,0.4988066825775656,0.3688760806916426
184205,401.0,254.0,144.0,145.0,257.0,0.5708661417322834,0.35910224438902744
184348,113.0,242.0,90.0,173.0,23.0,0.7148760330578512,0.7964601769911505
184481,1415.0,505.0,324.0,151.0,1091.0,0.299009900990099,0.22897526501766785
184603,320.0,170.0,165.0,89.0,155.0,0.5235294117647059,0.515625
184612,230.0,146.0,107.0,89.0,123.0,0.6095890410958904,0.4652173913043478
184694,262.0,324.0,151.0,214.0,111.0,0.6604938271604939,0.5763358778625954
184773,98.0,123.0,45.0,75.0,53.0,0.6097560975609756,0.45918367346938777
184782,733.0,1841.0,455.0,1330.0,278.0,0.7224334600760456,0.6207366984993179
184791,718.0,1088.0,231.0,485.0,487.0,0.44577205882352944,0.32172701949860727
184959,49.0,52.0,30.0,31.0,19.0,0.5961538461538461,0.6122448979591837
184995,1256.0,382.0,325.0,105.0,931.0,0.27486910994764396,0.2587579617834395
185129,775.0,246.0,283.0,125.0,492.0,0.508130081300813,0.36516129032258066
185262,788.0,763.0,391.0,443.0,397.0,0.580602883355177,0.49619289340101524
185509,482.0,581.0,97.0,172.0,385.0,0.29604130808950085,0.2012448132780083
185536,929.0,1122.0,332.0,416.0,597.0,0.37076648841354726,0.3573735199138859
185572,358.0,741.0,232.0,526.0,126.0,0.7098515519568152,0.6480446927374302
185590,1408.0,1599.0,916.0,1072.0,492.0,0.6704190118824265,0.6505681818181818
185721,137.0,61.0,85.0,45.0,52.0,0.7377049180327869,0.6204379562043796
185828,312.0,717.0,239.0,551.0,73.0,0.7684797768479776,0.7660256410256411
185873,743.0,1192.0,306.0,606.0,437.0,0.5083892617449665,0.41184387617765816
186034,494.0,337.0,100.0,64.0,394.0,0.18991097922848665,0.20242914979757085
186131,268.0,1037.0,261.0,1017.0,7.0,0.9807135969141755,0.9738805970149254
186201,255.0,692.0,157.0,511.0,98.0,0.7384393063583815,0.615686274509804
186283,296.0,587.0,182.0,411.0,114.0,0.7001703577512777,0.6148648648648649
186371,339.0,320.0,201.0,235.0,138.0,0.734375,0.5929203539823009
186380,1745.0,4753.0,1438.0,4138.0,307.0,0.8706080370292447,0.8240687679083094
186399,746.0,622.0,498.0,440.0,248.0,0.707395498392283,0.6675603217158177
186432,461.0,176.0,276.0,111.0,185.0,0.6306818181818182,0.5986984815618221
186469,115.0,110.0,46.0,65.0,69.0,0.5909090909090909,0.4
186584,374.0,942.0,235.0,699.0,139.0,0.7420382165605095,0.6283422459893048
186618,119.0,50.0,56.0,19.0,63.0,0.38,0.47058823529411764
186645,487.0,990.0,171.0,438.0,316.0,0.44242424242424244,0.351129363449692
186867,116.0,643.0,93.0,576.0,23.0,0.895800933125972,0.8017241379310345
186876,410.0,788.0,289.0,632.0,121.0,0.8020304568527918,0.7048780487804878
187134,259.0,1251.0,211.0,1091.0,48.0,0.8721023181454837,0.8146718146718147
187198,992.0,703.0,374.0,328.0,618.0,0.4665718349928876,0.37701612903225806
187444,666.0,726.0,351.0,452.0,315.0,0.6225895316804407,0.527027027027027
187532,1647.0,1206.0,644.0,563.0,1003.0,0.46683250414593697,0.3910139647844566
187596,233.0,47.0,85.0,7.0,148.0,0.14893617021276595,0.3648068669527897
187620,883.0,416.0,255.0,90.0,628.0,0.21634615384615385,0.2887882219705549
187639,150.0,115.0,67.0,44.0,83.0,0.3826086956521739,0.44666666666666666
187648,319.0,316.0,157.0,153.0,162.0,0.48417721518987344,0.49216300940438873
187666,247.0,170.0,97.0,67.0,150.0,0.3941176470588235,0.39271255060728744
187897,201.0,119.0,49.0,34.0,152.0,0.2857142857142857,0.24378109452736318
187903,200.0,211.0,48.0,47.0,152.0,0.22274881516587677,0.24
187912,110.0,165.0,48.0,63.0,62.0,0.38181818181818183,0.43636363636363634
187958,305.0,52.0,80.0,18.0,225.0,0.34615384615384615,0.26229508196721313
187967,88.0,213.0,44.0,130.0,44.0,0.6103286384976526,0.5
187976,32.0,56.0,8.0,15.0,24.0,0.26785714285714285,0.25
187985,1313.0,2119.0,615.0,1286.0,698.0,0.6068900424728646,0.4683929931454684
187994,77.0,73.0,15.0,14.0,62.0,0.1917808219178082,0.19480519480519481
188003,80.0,102.0,20.0,21.0,60.0,0.20588235294117646,0.25
188030,827.0,1038.0,406.0,586.0,421.0,0.5645472061657033,0.4909310761789601
188049,163.0,81.0,51.0,16.0,112.0,0.19753086419753085,0.3128834355828221
188058,118.0,47.0,30.0,12.0,88.0,0.2553191489361702,0.2542372881355932
188100,453.0,305.0,170.0,132.0,283.0,0.43278688524590164,0.37527593818984545
188137,253.0,162.0,77.0,50.0,176.0,0.30864197530864196,0.30434782608695654
188182,61.0,34.0,15.0,10.0,46.0,0.29411764705882354,0.2459016393442623
188216,147.0,121.0,66.0,41.0,81.0,0.33884297520661155,0.4489795918367347
188261,57.0,30.0,35.0,18.0,22.0,0.6,0.6140350877192983
188304,189.0,81.0,85.0,50.0,104.0,0.6172839506172839,0.4497354497354497
188340,208.0,108.0,82.0,42.0,126.0,0.3888888888888889,0.3942307692307692
188429,424.0,806.0,256.0,579.0,168.0,0.7183622828784119,0.6037735849056604
188438,442.0,452.0,150.0,178.0,292.0,0.3938053097345133,0.3393665158371041
188526,43.0,110.0,27.0,71.0,16.0,0.6454545454545455,0.627906976744186
188641,182.0,236.0,86.0,140.0,96.0,0.5932203389830508,0.4725274725274725
188678,42.0,74.0,40.0,70.0,2.0,0.9459459459459459,0.9523809523809523
188854,320.0,435.0,212.0,246.0,108.0,0.5655172413793104,0.6625
189088,113.0,395.0,83.0,284.0,30.0,0.7189873417721518,0.7345132743362832
189097,89.0,503.0,84.0,464.0,5.0,0.9224652087475149,0.9438202247191011
189228,466.0,213.0,186.0,94.0,280.0,0.4413145539906103,0.39914163090128757
189413,193.0,30.0,121.0,2.0,72.0,0.06666666666666667,0.6269430051813472
189547,1071.0,858.0,303.0,331.0,768.0,0.38578088578088576,0.28291316526610644
189705,221.0,374.0,121.0,274.0,100.0,0.732620320855615,0.5475113122171946
189839,363.0,209.0,94.0,93.0,269.0,0.4449760765550239,0.25895316804407714
190044,198.0,601.0,121.0,461.0,77.0,0.7670549084858569,0.6111111111111112
190053,177.0,82.0,46.0,33.0,131.0,0.4024390243902439,0.2598870056497175
190099,69.0,697.0,61.0,641.0,8.0,0.9196556671449068,0.8840579710144928
190150,242.0,1285.0,229.0,1237.0,13.0,0.9626459143968872,0.9462809917355371
190169,173.0,136.0,60.0,59.0,113.0,0.4338235294117647,0.3468208092485549
190372,54.0,164.0,47.0,139.0,7.0,0.8475609756097561,0.8703703703703703
190415,466.0,2898.0,437.0,2781.0,29.0,0.9596273291925466,0.9377682403433476
190442,416.0,318.0,139.0,135.0,277.0,0.42452830188679247,0.33413461538461536
190503,279.0,501.0,176.0,375.0,103.0,0.7485029940119761,0.6308243727598566
190512,716.0,782.0,540.0,566.0,176.0,0.7237851662404092,0.7541899441340782
190521,5663.0,2110.0,2031.0,647.0,3632.0,0.3066350710900474,0.35864382835952674
190530,2037.0,444.0,642.0,85.0,1395.0,0.19144144144144143,0.31516936671575846
190549,830.0,549.0,482.0,315.0,348.0,0.5737704918032787,0.5807228915662651
190558,1740.0,1125.0,620.0,429.0,1120.0,0.38133333333333336,0.3563218390804598
190567,1152.0,699.0,708.0,435.0,444.0,0.6223175965665236,0.6145833333333334
190585,1187.0,199.0,428.0,51.0,759.0,0.2562814070351759,0.36057287278854255
190594,1145.0,1091.0,672.0,636.0,473.0,0.5829514207149404,0.5868995633187772
190600,878.0,673.0,503.0,372.0,375.0,0.5527488855869243,0.5728929384965832
190619,1881.0,842.0,867.0,333.0,1014.0,0.39548693586698336,0.4609250398724083
190628,2499.0,1101.0,1036.0,401.0,1463.0,0.3642143505903724,0.41456582633053224
190637,498.0,190.0,282.0,105.0,216.0,0.5526315789473685,0.5662650602409639
190646,1039.0,337.0,315.0,80.0,724.0,0.23738872403560832,0.30317613089509143
190655,2472.0,1019.0,782.0,231.0,1690.0,0.2266928361138371,0.3163430420711974
190664,765.0,771.0,436.0,475.0,329.0,0.6160830090791181,0.5699346405228758
190673,2353.0,1395.0,921.0,482.0,1432.0,0.34551971326164876,0.3914152146196345
190691,725.0,302.0,284.0,96.0,441.0,0.31788079470198677,0.3917241379310345
190716,81.0,159.0,50.0,113.0,31.0,0.710691823899371,0.6172839506172839
190725,168.0,228.0,73.0,150.0,95.0,0.6578947368421053,0.43452380952380953
190761,131.0,123.0,55.0,81.0,76.0,0.6585365853658537,0.4198473282442748
190840,807.0,926.0,244.0,410.0,563.0,0.4427645788336933,0.3023543990086741
190983,82.0,133.0,52.0,68.0,30.0,0.5112781954887218,0.6341463414634146
191083,1653.0,987.0,479.0,339.0,1174.0,0.3434650455927052,0.28977616454930427
191126,419.0,925.0,336.0,804.0,83.0,0.8691891891891892,0.801909307875895
191199,620.0,503.0,174.0,215.0,446.0,0.4274353876739563,0.2806451612903226
191205,73.0,77.0,24.0,30.0,49.0,0.38961038961038963,0.3287671232876712
191241,386.0,1818.0,329.0,1514.0,57.0,0.8327832783278328,0.8523316062176166
191302,418.0,231.0,140.0,92.0,278.0,0.39826839826839827,0.3349282296650718
191339,554.0,388.0,150.0,169.0,404.0,0.43556701030927836,0.27075812274368233
191515,86.0,424.0,79.0,391.0,7.0,0.9221698113207547,0.9186046511627907
191533,155.0,251.0,72.0,142.0,83.0,0.5657370517928287,0.4645161290322581
191612,444.0,270.0,138.0,95.0,306.0,0.35185185185185186,0.3108108108108108
191621,76.0,73.0,38.0,46.0,38.0,0.6301369863013698,0.5
191630,107.0,478.0,75.0,361.0,32.0,0.7552301255230126,0.7009345794392523
191649,381.0,1280.0,219.0,916.0,162.0,0.715625,0.5748031496062992
191676,117.0,160.0,80.0,107.0,37.0,0.66875,0.6837606837606838
191719,1115.0,1150.0,343.0,515.0,772.0,0.44782608695652176,0.3076233183856502
191931,362.0,585.0,179.0,360.0,183.0,0.6153846153846154,0.494475138121547
191968,331.0,1301.0,212.0,1006.0,119.0,0.7732513451191392,0.6404833836858006
191986,542.0,307.0,191.0,142.0,351.0,0.46254071661237783,0.35239852398523985
192004,85.0,38.0,74.0,27.0,11.0,0.7105263157894737,0.8705882352941177
192022,517.0,351.0,144.0,161.0,373.0,0.4586894586894587,0.27852998065764023
192192,179.0,187.0,70.0,120.0,109.0,0.6417112299465241,0.39106145251396646
192271,81.0,182.0,40.0,99.0,41.0,0.5439560439560439,0.49382716049382713
192323,208.0,422.0,140.0,319.0,68.0,0.7559241706161137,0.6730769230769231
192448,657.0,631.0,255.0,361.0,402.0,0.572107765451664,0.3881278538812785
192703,196.0,626.0,143.0,457.0,53.0,0.7300319488817891,0.7295918367346939
192749,176.0,323.0,92.0,208.0,84.0,0.6439628482972136,0.5227272727272727
192819,165.0,1060.0,129.0,871.0,36.0,0.8216981132075472,0.7818181818181819
192864,165.0,389.0,89.0,218.0,76.0,0.5604113110539846,0.5393939393939394
193016,646.0,319.0,303.0,159.0,343.0,0.49843260188087773,0.46904024767801855
193201,278.0,71.0,80.0,32.0,198.0,0.4507042253521127,0.28776978417266186
193283,946.0,448.0,348.0,220.0,598.0,0.49107142857142855,0.3678646934460888
193292,165.0,402.0,97.0,296.0,68.0,0.736318407960199,0.5878787878787879
193308,1164.0,389.0,586.0,204.0,578.0,0.5244215938303342,0.5034364261168385
193326,1868.0,1167.0,450.0,448.0,1418.0,0.3838903170522708,0.24089935760171305
193353,131.0,257.0,72.0,164.0,59.0,0.6381322957198443,0.549618320610687
193399,271.0,168.0,152.0,103.0,119.0,0.6130952380952381,0.5608856088560885
193478,1909.0,2052.0,606.0,759.0,1303.0,0.36988304093567254,0.31744368779465687
193584,146.0,374.0,89.0,271.0,57.0,0.7245989304812834,0.6095890410958904
193654,357.0,1281.0,209.0,942.0,148.0,0.7353629976580797,0.5854341736694678
193858,343.0,34.0,245.0,26.0,98.0,0.7647058823529411,0.7142857142857143
193900,1258.0,4811.0,1088.0,4284.0,170.0,0.8904593639575972,0.8648648648648649
193946,685.0,524.0,219.0,243.0,466.0,0.4637404580152672,0.3197080291970803
193973,208.0,420.0,138.0,316.0,70.0,0.7523809523809524,0.6634615384615384
194028,251.0,133.0,99.0,66.0,152.0,0.49624060150375937,0.3944223107569721
194091,325.0,398.0,166.0,242.0,159.0,0.6080402010050251,0.5107692307692308
194222,1447.0,878.0,294.0,252.0,1153.0,0.2870159453302961,0.20317899101589496
194240,525.0,739.0,150.0,254.0,375.0,0.34370771312584575,0.2857142857142857
194310,642.0,1352.0,366.0,869.0,276.0,0.6427514792899408,0.5700934579439252
194392,98.0,134.0,48.0,79.0,50.0,0.5895522388059702,0.4897959183673469
194499,246.0,35.0,163.0,0.0,83.0,0.0,0.6626016260162602
194578,166.0,675.0,114.0,534.0,52.0,0.7911111111111111,0.6867469879518072
194824,301.0,1392.0,239.0,1193.0,62.0,0.8570402298850575,0.7940199335548173
194958,81.0,152.0,48.0,117.0,33.0,0.7697368421052632,0.5925925925925926
195003,736.0,1871.0,509.0,1440.0,227.0,0.7696419027258151,0.6915760869565217
195030,224.0,1235.0,195.0,1116.0,29.0,0.9036437246963562,0.8705357142857143
195058,519.0,972.0,210.0,347.0,309.0,0.35699588477366256,0.4046242774566474
195128,113.0,98.0,67.0,75.0,46.0,0.7653061224489796,0.5929203539823009
195164,119.0,314.0,86.0,232.0,33.0,0.7388535031847133,0.7226890756302521
195173,241.0,283.0,130.0,149.0,111.0,0.5265017667844523,0.5394190871369294
195216,113.0,455.0,87.0,388.0,26.0,0.8527472527472527,0.7699115044247787
195243,101.0,157.0,51.0,91.0,50.0,0.5796178343949044,0.504950495049505
195304,46.0,332.0,33.0,239.0,13.0,0.7198795180722891,0.717391304347826
195322,494.0,241.0,108.0,83.0,386.0,0.34439834024896265,0.21862348178137653
195474,217.0,548.0,147.0,438.0,70.0,0.7992700729927007,0.6774193548387096
195526,89.0,625.0,79.0,525.0,10.0,0.84,0.8876404494382022
195544,207.0,422.0,114.0,318.0,93.0,0.7535545023696683,0.5507246376811594
195720,150.0,425.0,108.0,335.0,42.0,0.788235294117647,0.72
195809,1229.0,2041.0,802.0,1519.0,427.0,0.7442430181283685,0.6525630593978845
195988,275.0,92.0,75.0,31.0,200.0,0.33695652173913043,0.2727272727272727
196006,666.0,522.0,323.0,350.0,343.0,0.6704980842911877,0.484984984984985
196015,463.0,260.0,198.0,147.0,265.0,0.5653846153846154,0.42764578833693306
196024,498.0,397.0,206.0,210.0,292.0,0.5289672544080605,0.41365461847389556
196033,366.0,304.0,152.0,152.0,214.0,0.5,0.41530054644808745
196042,459.0,824.0,254.0,483.0,205.0,0.5861650485436893,0.5533769063180828
196051,548.0,385.0,167.0,172.0,381.0,0.44675324675324674,0.30474452554744524
196060,1127.0,1656.0,733.0,1105.0,394.0,0.6672705314009661,0.650399290150843
196079,638.0,2187.0,499.0,1846.0,139.0,0.8440786465477823,0.7821316614420063
196088,1392.0,2833.0,942.0,2137.0,450.0,0.754324038122132,0.6767241379310345
196097,1021.0,2015.0,822.0,1571.0,199.0,0.7796526054590571,0.8050930460333007
196103,71.0,258.0,47.0,196.0,24.0,0.7596899224806202,0.6619718309859155
196112,122.0,192.0,65.0,131.0,57.0,0.6822916666666666,0.5327868852459017
196121,521.0,691.0,320.0,462.0,201.0,0.6685962373371924,0.6142034548944337
196130,1075.0,591.0,377.0,242.0,698.0,0.40947546531302875,0.35069767441860467
196149,331.0,914.0,220.0,638.0,111.0,0.6980306345733042,0.6646525679758308
196158,404.0,538.0,218.0,353.0,186.0,0.6561338289962825,0.5396039603960396
196167,268.0,973.0,191.0,738.0,77.0,0.7584789311408017,0.7126865671641791
196176,386.0,703.0,271.0,534.0,115.0,0.7596017069701281,0.7020725388601037
196185,323.0,802.0,213.0,630.0,110.0,0.7855361596009975,0.6594427244582043
196194,645.0,813.0,397.0,550.0,248.0,0.6765067650676507,0.6155038759689923
196200,454.0,340.0,211.0,191.0,243.0,0.5617647058823529,0.4647577092511013
196219,251.0,482.0,159.0,335.0,92.0,0.6950207468879668,0.6334661354581673
196237,267.0,259.0,129.0,136.0,138.0,0.525096525096525,0.48314606741573035
196246,398.0,653.0,223.0,451.0,175.0,0.6906584992343032,0.5603015075376885
196264,274.0,96.0,59.0,34.0,215.0,0.3541666666666667,0.21532846715328466
196291,62.0,247.0,40.0,189.0,22.0,0.7651821862348178,0.6451612903225806
196389,423.0,127.0,370.0,120.0,53.0,0.9448818897637795,0.8747044917257684
196413,555.0,3177.0,441.0,2690.0,114.0,0.8467107333962858,0.7945945945945946
196565,555.0,250.0,140.0,92.0,415.0,0.368,0.25225225225225223
196592,340.0,460.0,217.0,303.0,123.0,0.658695652173913,0.638235294117647
196653,105.0,45.0,35.0,23.0,70.0,0.5111111111111111,0.3333333333333333
196699,245.0,242.0,74.0,84.0,171.0,0.34710743801652894,0.3020408163265306
196866,78.0,482.0,67.0,409.0,11.0,0.8485477178423236,0.8589743589743589
197018,373.0,101.0,233.0,48.0,140.0,0.4752475247524752,0.6246648793565683
197045,311.0,380.0,147.0,254.0,164.0,0.6684210526315789,0.47266881028938906
197133,185.0,474.0,171.0,439.0,14.0,0.9261603375527426,0.9243243243243243
197142,123.0,38.0,30.0,19.0,93.0,0.5,0.24390243902439024
197151,149.0,658.0,93.0,510.0,56.0,0.7750759878419453,0.6241610738255033
197197,113.0,327.0,78.0,204.0,35.0,0.6238532110091743,0.6902654867256637
197285,236.0,43.0,92.0,31.0,144.0,0.7209302325581395,0.3898305084745763
197294,1230.0,1015.0,334.0,292.0,896.0,0.2876847290640394,0.27154471544715447
197708,85.0,530.0,65.0,461.0,20.0,0.869811320754717,0.7647058823529411
197814,149.0,167.0,67.0,88.0,82.0,0.5269461077844312,0.44966442953020136
197850,71.0,56.0,23.0,24.0,48.0,0.42857142857142855,0.323943661971831
197869,919.0,2324.0,665.0,1773.0,254.0,0.7629087779690189,0.7236126224156693
197887,329.0,264.0,116.0,128.0,213.0,0.48484848484848486,0.3525835866261398
197911,128.0,119.0,50.0,66.0,78.0,0.5546218487394958,0.390625
197966,57.0,38.0,26.0,26.0,31.0,0.6842105263157895,0.45614035087719296
197984,119.0,247.0,45.0,129.0,74.0,0.5222672064777328,0.37815126050420167
198011,158.0,32.0,39.0,10.0,119.0,0.3125,0.2468354430379747
198039,154.0,42.0,69.0,35.0,85.0,0.8333333333333334,0.44805194805194803
198066,102.0,138.0,30.0,58.0,72.0,0.42028985507246375,0.29411764705882354
198084,79.0,86.0,34.0,45.0,45.0,0.5232558139534884,0.43037974683544306
198118,244.0,162.0,95.0,66.0,149.0,0.4074074074074074,0.38934426229508196
198136,319.0,582.0,140.0,363.0,179.0,0.6237113402061856,0.438871473354232
198154,536.0,580.0,179.0,232.0,357.0,0.4,0.333955223880597
198206,126.0,72.0,43.0,30.0,83.0,0.4166666666666667,0.3412698412698413
198215,156.0,207.0,74.0,126.0,82.0,0.6086956521739131,0.47435897435897434
198233,348.0,251.0,144.0,130.0,204.0,0.5179282868525896,0.41379310344827586
198251,336.0,282.0,156.0,163.0,180.0,0.5780141843971631,0.4642857142857143
198260,717.0,760.0,213.0,272.0,504.0,0.35789473684210527,0.29707112970711297
198303,423.0,99.0,99.0,36.0,324.0,0.36363636363636365,0.23404255319148937
198321,212.0,89.0,71.0,54.0,141.0,0.6067415730337079,0.33490566037735847
198330,290.0,280.0,109.0,114.0,181.0,0.40714285714285714,0.3758620689655172
198367,77.0,87.0,31.0,52.0,46.0,0.5977011494252874,0.4025974025974026
198376,243.0,208.0,101.0,124.0,142.0,0.5961538461538461,0.4156378600823045
198385,67.0,451.0,62.0,411.0,5.0,0.9113082039911308,0.9253731343283582
198419,221.0,1503.0,213.0,1464.0,8.0,0.9740518962075848,0.9638009049773756
198455,266.0,283.0,58.0,121.0,208.0,0.4275618374558304,0.21804511278195488
198464,1457.0,2850.0,911.0,1948.0,546.0,0.6835087719298245,0.6252573781743308
198491,111.0,33.0,110.0,31.0,1.0,0.9393939393939394,0.990990990990991
198507,161.0,53.0,69.0,25.0,92.0,0.4716981132075472,0.42857142857142855
198516,131.0,1444.0,102.0,1214.0,29.0,0.8407202216066482,0.7786259541984732
198534,784.0,702.0,192.0,153.0,592.0,0.21794871794871795,0.24489795918367346
198543,523.0,149.0,230.0,69.0,293.0,0.46308724832214765,0.4397705544933078
198552,464.0,378.0,159.0,167.0,305.0,0.4417989417989418,0.3426724137931034
198561,197.0,255.0,80.0,156.0,117.0,0.611764705882353,0.40609137055837563
198570,454.0,293.0,142.0,134.0,312.0,0.45733788395904434,0.31277533039647576
198598,130.0,122.0,54.0,49.0,76.0,0.4016393442622951,0.4153846153846154
198613,198.0,230.0,85.0,128.0,113.0,0.5565217391304348,0.4292929292929293
198622,763.0,521.0,200.0,180.0,563.0,0.345489443378119,0.2621231979030144
198640,115.0,80.0,25.0,30.0,90.0,0.375,0.21739130434782608
198668,131.0,94.0,57.0,59.0,74.0,0.6276595744680851,0.4351145038167939
198695,151.0,1228.0,89.0,855.0,62.0,0.6962540716612378,0.5894039735099338
198710,208.0,126.0,103.0,79.0,105.0,0.626984126984127,0.4951923076923077
198756,241.0,77.0,101.0,37.0,140.0,0.4805194805194805,0.4190871369294606
198774,248.0,312.0,99.0,160.0,149.0,0.5128205128205128,0.39919354838709675
198808,84.0,111.0,35.0,55.0,49.0,0.4954954954954955,0.4166666666666667
198817,225.0,128.0,79.0,72.0,146.0,0.5625,0.3511111111111111
198835,218.0,248.0,84.0,155.0,134.0,0.625,0.3853211009174312
198862,336.0,71.0,84.0,16.0,252.0,0.22535211267605634,0.25
198871,435.0,169.0,118.0,52.0,317.0,0.3076923076923077,0.271264367816092
198899,255.0,209.0,105.0,83.0,150.0,0.39712918660287083,0.4117647058823529
198914,78.0,38.0,35.0,20.0,43.0,0.5263157894736842,0.44871794871794873
198923,74.0,32.0,21.0,15.0,53.0,0.46875,0.28378378378378377
198950,131.0,292.0,78.0,209.0,53.0,0.7157534246575342,0.5954198473282443
198969,217.0,274.0,53.0,145.0,164.0,0.5291970802919708,0.24423963133640553
198978,1178.0,393.0,208.0,61.0,970.0,0.15521628498727735,0.1765704584040747
198987,159.0,145.0,56.0,60.0,103.0,0.41379310344827586,0.3522012578616352
199023,46.0,50.0,38.0,46.0,8.0,0.92,0.8260869565217391
199032,82.0,82.0,30.0,42.0,52.0,0.5121951219512195,0.36585365853658536
199069,166.0,153.0,82.0,105.0,84.0,0.6862745098039216,0.4939759036144578
199087,229.0,148.0,67.0,77.0,162.0,0.5202702702702703,0.2925764192139738
199102,1300.0,714.0,713.0,455.0,587.0,0.6372549019607843,0.5484615384615384
199111,218.0,466.0,122.0,288.0,96.0,0.6180257510729614,0.5596330275229358
199120,814.0,3425.0,727.0,3174.0,87.0,0.9267153284671533,0.8931203931203932
199139,1197.0,2455.0,801.0,1791.0,396.0,0.7295315682281059,0.6691729323308271
199148,1456.0,1454.0,825.0,908.0,631.0,0.624484181568088,0.5666208791208791
199157,860.0,289.0,362.0,163.0,498.0,0.5640138408304498,0.42093023255813955
199184,57.0,158.0,47.0,129.0,10.0,0.8164556962025317,0.8245614035087719
199193,825.0,3611.0,663.0,3136.0,162.0,0.868457490999723,0.8036363636363636
199209,182.0,166.0,72.0,68.0,110.0,0.40963855421686746,0.3956043956043956
199218,545.0,1904.0,386.0,1433.0,159.0,0.7526260504201681,0.708256880733945
199272,126.0,74.0,46.0,40.0,80.0,0.5405405405405406,0.36507936507936506
199281,681.0,414.0,318.0,194.0,363.0,0.46859903381642515,0.4669603524229075
199306,101.0,87.0,34.0,37.0,67.0,0.42528735632183906,0.33663366336633666
199324,77.0,97.0,19.0,66.0,58.0,0.6804123711340206,0.24675324675324675
199333,658.0,347.0,225.0,180.0,433.0,0.5187319884726225,0.34194528875379937
199412,59.0,230.0,37.0,159.0,22.0,0.691304347826087,0.6271186440677966
199421,284.0,155.0,113.0,80.0,171.0,0.5161290322580645,0.397887323943662
199449,210.0,66.0,86.0,47.0,124.0,0.7121212121212122,0.4095238095238095
199476,211.0,58.0,70.0,28.0,141.0,0.4827586206896552,0.33175355450236965
199485,122.0,107.0,52.0,42.0,70.0,0.3925233644859813,0.4262295081967213
199494,408.0,262.0,146.0,120.0,262.0,0.4580152671755725,0.35784313725490197
199582,290.0,56.0,119.0,34.0,171.0,0.6071428571428571,0.4103448275862069
199607,108.0,97.0,60.0,67.0,48.0,0.6907216494845361,0.5555555555555556
199625,118.0,62.0,39.0,28.0,79.0,0.45161290322580644,0.3305084745762712
199634,206.0,219.0,81.0,106.0,125.0,0.4840182648401826,0.3932038834951456
199643,579.0,103.0,84.0,23.0,495.0,0.22330097087378642,0.14507772020725387
199698,109.0,119.0,19.0,48.0,90.0,0.40336134453781514,0.1743119266055046
199722,45.0,39.0,28.0,24.0,17.0,0.6153846153846154,0.6222222222222222
199731,147.0,86.0,81.0,57.0,66.0,0.6627906976744186,0.5510204081632653
199740,177.0,148.0,81.0,94.0,96.0,0.6351351351351351,0.4576271186440678
199768,176.0,177.0,71.0,79.0,105.0,0.4463276836158192,0.4034090909090909
199786,330.0,279.0,136.0,127.0,194.0,0.4551971326164875,0.4121212121212121
199795,110.0,32.0,29.0,11.0,81.0,0.34375,0.2636363636363636
199838,136.0,92.0,49.0,44.0,87.0,0.4782608695652174,0.3602941176470588
199847,103.0,1206.0,97.0,1083.0,6.0,0.8980099502487562,0.941747572815534
199856,1291.0,1732.0,449.0,713.0,842.0,0.41166281755196305,0.34779240898528274
199865,65.0,130.0,21.0,67.0,44.0,0.5153846153846153,0.3230769230769231
199892,336.0,131.0,123.0,128.0,213.0,0.9770992366412213,0.36607142857142855
199908,142.0,82.0,60.0,37.0,82.0,0.45121951219512196,0.4225352112676056
199926,287.0,165.0,143.0,87.0,144.0,0.5272727272727272,0.49825783972125437
199953,133.0,53.0,27.0,18.0,106.0,0.33962264150943394,0.20300751879699247
199962,199.0,441.0,127.0,241.0,72.0,0.546485260770975,0.6381909547738693
199999,745.0,208.0,370.0,116.0,375.0,0.5576923076923077,0.4966442953020134
200004,809.0,1120.0,453.0,742.0,356.0,0.6625,0.5599505562422744
200022,215.0,642.0,100.0,381.0,115.0,0.5934579439252337,0.46511627906976744
200059,47.0,138.0,17.0,65.0,30.0,0.47101449275362317,0.3617021276595745
200086,36.0,67.0,4.0,6.0,32.0,0.08955223880597014,0.1111111111111111
200156,65.0,197.0,22.0,111.0,43.0,0.5634517766497462,0.3384615384615385
200192,77.0,125.0,39.0,70.0,38.0,0.56,0.5064935064935064
200217,92.0,316.0,51.0,211.0,41.0,0.6677215189873418,0.5543478260869565
200226,55.0,83.0,11.0,38.0,44.0,0.4578313253012048,0.2
200253,72.0,256.0,21.0,134.0,51.0,0.5234375,0.2916666666666667
200280,340.0,1604.0,187.0,1062.0,153.0,0.6620947630922693,0.55
200305,283.0,439.0,102.0,246.0,181.0,0.5603644646924829,0.36042402826855124
200314,85.0,77.0,19.0,30.0,66.0,0.38961038961038963,0.2235294117647059
200332,523.0,1987.0,287.0,1322.0,236.0,0.665324609964771,0.5487571701720841
200341,65.0,187.0,16.0,84.0,49.0,0.44919786096256686,0.24615384615384617
200554,102.0,58.0,19.0,11.0,83.0,0.1896551724137931,0.18627450980392157
200572,55.0,105.0,14.0,63.0,41.0,0.6,0.2545454545454545
200800,1286.0,1779.0,487.0,1056.0,799.0,0.5935919055649241,0.3786936236391913
200846,128.0,183.0,7.0,17.0,121.0,0.09289617486338798,0.0546875
201104,360.0,409.0,152.0,252.0,208.0,0.6161369193154034,0.4222222222222222
201195,269.0,441.0,162.0,306.0,107.0,0.6938775510204082,0.6022304832713755
201283,75.0,115.0,46.0,47.0,29.0,0.40869565217391307,0.6133333333333333
201371,86.0,125.0,35.0,64.0,51.0,0.512,0.4069767441860465
201432,175.0,174.0,29.0,37.0,146.0,0.21264367816091953,0.1657142857142857
201441,1067.0,2490.0,515.0,1724.0,552.0,0.6923694779116466,0.48266166822867856
201548,199.0,420.0,91.0,286.0,108.0,0.680952380952381,0.457286432160804
201645,127.0,1137.0,108.0,983.0,19.0,0.8645558487247141,0.8503937007874016
201654,172.0,598.0,112.0,470.0,60.0,0.7859531772575251,0.6511627906976745
201672,151.0,108.0,45.0,42.0,106.0,0.3888888888888889,0.2980132450331126
201690,494.0,175.0,125.0,48.0,369.0,0.2742857142857143,0.25303643724696356
201821,35.0,38.0,15.0,25.0,20.0,0.6578947368421053,0.42857142857142855
201885,980.0,4045.0,602.0,3086.0,378.0,0.7629171817058097,0.6142857142857143
201928,442.0,427.0,105.0,144.0,337.0,0.3372365339578454,0.23755656108597284
201946,243.0,335.0,73.0,121.0,170.0,0.3611940298507463,0.3004115226337449
201955,570.0,644.0,118.0,212.0,452.0,0.32919254658385094,0.20701754385964913
201964,374.0,224.0,104.0,75.0,270.0,0.33482142857142855,0.27807486631016043
201973,189.0,124.0,72.0,42.0,117.0,0.3387096774193548,0.38095238095238093
202046,60.0,100.0,34.0,84.0,26.0,0.84,0.5666666666666667
202134,799.0,1187.0,345.0,661.0,454.0,0.556866048862679,0.43178973717146435
202170,89.0,170.0,39.0,113.0,50.0,0.6647058823529411,0.43820224719101125
202222,1078.0,1022.0,344.0,406.0,734.0,0.3972602739726027,0.31910946196660483
202356,1579.0,684.0,403.0,257.0,1176.0,0.3757309941520468,0.2552248258391387
202480,265.0,1590.0,197.0,1317.0,68.0,0.8283018867924529,0.7433962264150943
202514,63.0,74.0,19.0,39.0,44.0,0.527027027027027,0.30158730158730157
202523,141.0,494.0,121.0,417.0,20.0,0.8441295546558705,0.8581560283687943
202648,97.0,108.0,31.0,43.0,66.0,0.39814814814814814,0.31958762886597936
202763,179.0,544.0,107.0,263.0,72.0,0.4834558823529412,0.5977653631284916
202806,50.0,79.0,18.0,22.0,32.0,0.27848101265822783,0.36
203085,138.0,235.0,67.0,135.0,71.0,0.574468085106383,0.4855072463768116
203128,108.0,102.0,50.0,60.0,58.0,0.5882352941176471,0.46296296296296297
203155,514.0,452.0,138.0,178.0,376.0,0.3938053097345133,0.26848249027237353
203368,148.0,569.0,107.0,454.0,41.0,0.7978910369068541,0.722972972972973
203386,193.0,48.0,88.0,11.0,105.0,0.22916666666666666,0.45595854922279794
203447,114.0,47.0,23.0,18.0,91.0,0.3829787234042553,0.20175438596491227
203456,38.0,30.0,7.0,7.0,31.0,0.23333333333333334,0.18421052631578946
203465,311.0,349.0,102.0,153.0,209.0,0.4383954154727794,0.3279742765273312
203474,163.0,104.0,37.0,33.0,126.0,0.3173076923076923,0.22699386503067484
203483,122.0,126.0,46.0,48.0,76.0,0.38095238095238093,0.3770491803278688
203492,93.0,71.0,20.0,26.0,73.0,0.36619718309859156,0.21505376344086022
203517,1381.0,2933.0,791.0,2063.0,590.0,0.7033753835663143,0.5727733526430123
203526,127.0,156.0,37.0,43.0,90.0,0.27564102564102566,0.29133858267716534
203535,44.0,443.0,38.0,388.0,6.0,0.8758465011286681,0.8636363636363636
203580,104.0,123.0,37.0,57.0,67.0,0.4634146341463415,0.3557692307692308
203599,431.0,252.0,113.0,90.0,318.0,0.35714285714285715,0.26218097447795824
203678,199.0,182.0,60.0,97.0,139.0,0.532967032967033,0.3015075376884422
203748,539.0,500.0,189.0,245.0,350.0,0.49,0.35064935064935066
203757,94.0,128.0,69.0,95.0,25.0,0.7421875,0.7340425531914894
203775,130.0,181.0,51.0,111.0,79.0,0.6132596685082873,0.3923076923076923
203845,80.0,175.0,29.0,101.0,51.0,0.5771428571428572,0.3625
203881,153.0,100.0,53.0,48.0,100.0,0.48,0.3464052287581699
204006,237.0,327.0,48.0,76.0,189.0,0.2324159021406728,0.20253164556962025
204015,114.0,164.0,34.0,41.0,80.0,0.25,0.2982456140350877
204024,428.0,3411.0,321.0,2812.0,107.0,0.8243916739958956,0.75
204176,32.0,67.0,14.0,50.0,18.0,0.746268656716418,0.4375
204185,203.0,446.0,107.0,290.0,96.0,0.6502242152466368,0.5270935960591133
204194,145.0,243.0,87.0,175.0,58.0,0.720164609053498,0.6
204200,107.0,138.0,44.0,83.0,63.0,0.6014492753623188,0.411214953271028
204255,159.0,129.0,65.0,81.0,94.0,0.627906976744186,0.4088050314465409
204264,164.0,163.0,91.0,105.0,73.0,0.6441717791411042,0.5548780487804879
204422,220.0,180.0,63.0,81.0,157.0,0.45,0.2863636363636364
204440,74.0,88.0,23.0,43.0,51.0,0.48863636363636365,0.3108108108108108
204486,638.0,807.0,298.0,468.0,340.0,0.5799256505576208,0.4670846394984326
204501,82.0,680.0,67.0,576.0,15.0,0.8470588235294118,0.8170731707317073
204608,631.0,280.0,479.0,251.0,152.0,0.8964285714285715,0.7591125198098256
204617,97.0,139.0,38.0,82.0,59.0,0.5899280575539568,0.3917525773195876
204635,162.0,436.0,105.0,331.0,57.0,0.7591743119266054,0.6481481481481481
204662,101.0,211.0,52.0,141.0,49.0,0.6682464454976303,0.5148514851485149
204671,125.0,254.0,11.0,72.0,114.0,0.28346456692913385,0.088
204680,187.0,269.0,29.0,54.0,158.0,0.20074349442379183,0.15508021390374332
204699,162.0,249.0,38.0,43.0,124.0,0.17269076305220885,0.2345679012345679
204705,540.0,745.0,158.0,364.0,382.0,0.4885906040268456,0.29259259259259257
204796,1286.0,6701.0,1055.0,6025.0,231.0,0.8991195343978511,0.8203732503888025
204802,59.0,75.0,14.0,30.0,45.0,0.4,0.23728813559322035
204820,205.0,185.0,59.0,76.0,146.0,0.41081081081081083,0.28780487804878047
204839,169.0,81.0,45.0,36.0,124.0,0.4444444444444444,0.26627218934911245
204848,181.0,223.0,50.0,88.0,131.0,0.39461883408071746,0.27624309392265195
204857,1216.0,3107.0,708.0,2219.0,508.0,0.7141937560347602,0.5822368421052632
204866,149.0,135.0,43.0,61.0,106.0,0.45185185185185184,0.28859060402684567
204909,161.0,332.0,97.0,226.0,64.0,0.6807228915662651,0.6024844720496895
204936,205.0,448.0,116.0,337.0,89.0,0.7522321428571429,0.5658536585365853
204945,589.0,440.0,134.0,167.0,455.0,0.3795454545454545,0.22750424448217318
205179,187.0,43.0,82.0,16.0,105.0,0.37209302325581395,0.4385026737967914
205203,203.0,162.0,56.0,66.0,147.0,0.4074074074074074,0.27586206896551724
205391,48.0,48.0,26.0,26.0,22.0,0.5416666666666666,0.5416666666666666
205443,495.0,405.0,150.0,207.0,345.0,0.5111111111111111,0.30303030303030304
205470,683.0,783.0,212.0,323.0,471.0,0.4125159642401022,0.3103953147877013
205841,742.0,549.0,183.0,194.0,559.0,0.3533697632058288,0.24663072776280323
205957,110.0,347.0,82.0,270.0,28.0,0.7780979827089337,0.7454545454545455
205966,211.0,93.0,55.0,36.0,156.0,0.3870967741935484,0.26066350710900477
206011,66.0,77.0,26.0,29.0,40.0,0.37662337662337664,0.3939393939393939
206048,211.0,264.0,75.0,142.0,136.0,0.5378787878787878,0.35545023696682465
206084,1266.0,2129.0,547.0,1378.0,719.0,0.6472522310944105,0.4320695102685624
206349,54.0,53.0,24.0,29.0,30.0,0.5471698113207547,0.4444444444444444
206437,170.0,276.0,74.0,185.0,96.0,0.6702898550724637,0.43529411764705883
206446,157.0,89.0,61.0,45.0,96.0,0.5056179775280899,0.3885350318471338
206507,126.0,186.0,47.0,111.0,79.0,0.5967741935483871,0.373015873015873
206525,215.0,340.0,86.0,233.0,129.0,0.6852941176470588,0.4
206589,112.0,433.0,88.0,316.0,24.0,0.7297921478060047,0.7857142857142857
206604,923.0,1346.0,300.0,716.0,623.0,0.5319465081723626,0.3250270855904659
206613,101.0,186.0,38.0,86.0,63.0,0.46236559139784944,0.37623762376237624
206622,196.0,929.0,112.0,715.0,84.0,0.7696447793326158,0.5714285714285714
206695,961.0,1226.0,415.0,742.0,546.0,0.6052202283849919,0.43184183142559834
206835,98.0,122.0,61.0,14.0,37.0,0.11475409836065574,0.6224489795918368
206862,84.0,183.0,82.0,90.0,2.0,0.4918032786885246,0.9761904761904762
206914,378.0,366.0,91.0,129.0,287.0,0.3524590163934426,0.24074074074074073
206923,294.0,178.0,122.0,81.0,172.0,0.4550561797752809,0.41496598639455784
206941,895.0,1471.0,308.0,569.0,587.0,0.3868116927260367,0.34413407821229053
206996,320.0,257.0,121.0,66.0,199.0,0.25680933852140075,0.378125
207041,255.0,381.0,66.0,119.0,189.0,0.3123359580052493,0.25882352941176473
207050,230.0,127.0,47.0,43.0,183.0,0.33858267716535434,0.20434782608695654
207069,147.0,161.0,25.0,46.0,122.0,0.2857142857142857,0.17006802721088435
207209,514.0,221.0,121.0,45.0,393.0,0.20361990950226244,0.23540856031128404
207236,279.0,218.0,80.0,76.0,199.0,0.3486238532110092,0.2867383512544803
207254,422.0,296.0,274.0,198.0,148.0,0.668918918918919,0.6492890995260664
207263,481.0,441.0,158.0,202.0,323.0,0.4580498866213152,0.3284823284823285
207281,436.0,430.0,176.0,194.0,260.0,0.4511627906976744,0.4036697247706422
207290,460.0,416.0,130.0,107.0,330.0,0.25721153846153844,0.2826086956521739
207306,142.0,279.0,47.0,69.0,95.0,0.24731182795698925,0.33098591549295775
207324,111.0,348.0,54.0,220.0,57.0,0.632183908045977,0.4864864864864865
207351,104.0,137.0,18.0,37.0,86.0,0.27007299270072993,0.17307692307692307
207388,1029.0,2963.0,555.0,2060.0,474.0,0.6952413094836315,0.5393586005830904
207397,391.0,403.0,98.0,84.0,293.0,0.20843672456575682,0.2506393861892583
207403,236.0,338.0,114.0,199.0,122.0,0.5887573964497042,0.4830508474576271
207449,706.0,790.0,145.0,180.0,561.0,0.22784810126582278,0.20538243626062322
207458,70.0,261.0,44.0,185.0,26.0,0.7088122605363985,0.6285714285714286
207500,805.0,3044.0,497.0,2378.0,308.0,0.7812089356110381,0.6173913043478261
207564,366.0,240.0,146.0,137.0,220.0,0.5708333333333333,0.3989071038251366
207582,272.0,415.0,132.0,287.0,140.0,0.691566265060241,0.4852941176470588
207661,346.0,344.0,81.0,116.0,265.0,0.3372093023255814,0.23410404624277456
207670,588.0,636.0,116.0,162.0,472.0,0.25471698113207547,0.19727891156462585
207722,84.0,123.0,32.0,51.0,52.0,0.4146341463414634,0.38095238095238093
207740,257.0,185.0,72.0,71.0,185.0,0.3837837837837838,0.2801556420233463
207847,254.0,281.0,69.0,105.0,185.0,0.3736654804270463,0.27165354330708663
207856,86.0,77.0,9.0,19.0,77.0,0.24675324675324675,0.10465116279069768
207865,418.0,613.0,138.0,289.0,280.0,0.47145187601957583,0.33014354066985646
207935,973.0,1316.0,302.0,422.0,671.0,0.32066869300911854,0.3103802672147996
207962,647.0,317.0,408.0,217.0,239.0,0.6845425867507886,0.6306027820710973
207971,138.0,601.0,86.0,443.0,52.0,0.7371048252911814,0.6231884057971014
208035,180.0,162.0,54.0,58.0,126.0,0.35802469135802467,0.3
208275,240.0,228.0,54.0,74.0,186.0,0.32456140350877194,0.225
208318,338.0,434.0,100.0,120.0,238.0,0.2764976958525346,0.2958579881656805
208390,778.0,732.0,207.0,206.0,571.0,0.2814207650273224,0.2660668380462725
208406,383.0,535.0,91.0,165.0,292.0,0.308411214953271,0.23759791122715404
208415,83.0,99.0,21.0,22.0,62.0,0.2222222222222222,0.25301204819277107
208479,162.0,51.0,131.0,40.0,31.0,0.7843137254901961,0.808641975308642
208646,154.0,190.0,54.0,78.0,100.0,0.4105263157894737,0.35064935064935066
208822,168.0,469.0,104.0,355.0,64.0,0.7569296375266524,0.6190476190476191
209038,621.0,602.0,170.0,159.0,451.0,0.26411960132890366,0.27375201288244766
209056,94.0,415.0,73.0,300.0,21.0,0.7228915662650602,0.776595744680851
209065,103.0,293.0,77.0,209.0,26.0,0.7133105802047781,0.7475728155339806
209074,385.0,548.0,113.0,151.0,272.0,0.2755474452554745,0.2935064935064935
209250,478.0,558.0,139.0,172.0,339.0,0.30824372759856633,0.2907949790794979
209409,34.0,50.0,18.0,25.0,16.0,0.5,0.5294117647058824
209506,120.0,231.0,63.0,145.0,57.0,0.6277056277056277,0.525
209542,924.0,2684.0,583.0,2010.0,341.0,0.7488822652757079,0.6309523809523809
209551,1016.0,3041.0,673.0,2336.0,343.0,0.7681683656691878,0.6624015748031497
209603,33.0,53.0,13.0,21.0,20.0,0.39622641509433965,0.3939393939393939
209612,130.0,304.0,85.0,202.0,45.0,0.6644736842105263,0.6538461538461539
209746,1169.0,1972.0,340.0,581.0,829.0,0.2946247464503043,0.290846877673225
209807,638.0,1080.0,336.0,600.0,302.0,0.5555555555555556,0.5266457680250783
209825,158.0,808.0,113.0,651.0,45.0,0.8056930693069307,0.7151898734177216
209922,46.0,307.0,36.0,248.0,10.0,0.8078175895765473,0.782608695652174
209940,308.0,221.0,66.0,58.0,242.0,0.26244343891402716,0.21428571428571427
210146,224.0,469.0,98.0,242.0,126.0,0.5159914712153518,0.4375
210155,248.0,247.0,88.0,106.0,160.0,0.4291497975708502,0.3548387096774194
210234,295.0,201.0,90.0,67.0,205.0,0.3333333333333333,0.3050847457627119
210270,283.0,203.0,113.0,78.0,170.0,0.3842364532019704,0.3992932862190813
210304,48.0,45.0,21.0,17.0,27.0,0.37777777777777777,0.4375
210331,93.0,158.0,50.0,92.0,43.0,0.5822784810126582,0.5376344086021505
210401,124.0,349.0,86.0,278.0,38.0,0.7965616045845272,0.6935483870967742
210429,364.0,526.0,157.0,274.0,207.0,0.5209125475285171,0.43131868131868134
210492,31.0,39.0,17.0,21.0,14.0,0.5384615384615384,0.5483870967741935
210571,330.0,289.0,140.0,155.0,190.0,0.5363321799307958,0.42424242424242425
210599,251.0,59.0,155.0,38.0,96.0,0.6440677966101694,0.6175298804780877
210605,1104.0,1352.0,295.0,491.0,809.0,0.3631656804733728,0.26721014492753625
210669,201.0,352.0,126.0,251.0,75.0,0.7130681818181818,0.6268656716417911
210739,132.0,403.0,83.0,276.0,49.0,0.684863523573201,0.6287878787878788
210775,109.0,238.0,57.0,165.0,52.0,0.6932773109243697,0.5229357798165137
211079,188.0,202.0,45.0,81.0,143.0,0.400990099009901,0.2393617021276596
211088,209.0,401.0,118.0,268.0,91.0,0.6683291770573566,0.5645933014354066
211273,79.0,328.0,67.0,278.0,12.0,0.8475609756097561,0.8481012658227848
211291,72.0,879.0,61.0,766.0,11.0,0.8714448236632537,0.8472222222222222
211307,408.0,927.0,121.0,311.0,287.0,0.3354908306364617,0.2965686274509804
211343,276.0,378.0,100.0,149.0,176.0,0.3941798941798942,0.36231884057971014
211431,110.0,107.0,56.0,71.0,54.0,0.6635514018691588,0.509090909090909
211440,216.0,1335.0,194.0,1240.0,22.0,0.9288389513108615,0.8981481481481481
211468,89.0,96.0,48.0,67.0,41.0,0.6979166666666666,0.5393258426966292
211477,79.0,43.0,20.0,18.0,59.0,0.4186046511627907,0.25316455696202533
211556,68.0,129.0,49.0,85.0,19.0,0.6589147286821705,0.7205882352941176
211583,114.0,138.0,58.0,93.0,56.0,0.6739130434782609,0.5087719298245614
211608,144.0,51.0,22.0,6.0,122.0,0.11764705882352941,0.1527777777777778
211927,544.0,761.0,153.0,254.0,391.0,0.33377135348226017,0.28125
211981,164.0,298.0,74.0,174.0,90.0,0.5838926174496645,0.45121951219512196
212009,87.0,523.0,74.0,437.0,13.0,0.8355640535372849,0.8505747126436781
212045,51.0,74.0,39.0,67.0,12.0,0.9054054054054054,0.7647058823529411
212054,582.0,1739.0,444.0,1394.0,138.0,0.8016101207590569,0.7628865979381443
212106,313.0,1235.0,208.0,997.0,105.0,0.8072874493927126,0.6645367412140575
212115,577.0,768.0,218.0,411.0,359.0,0.53515625,0.3778162911611785
212133,205.0,274.0,101.0,170.0,104.0,0.6204379562043796,0.4926829268292683
212197,103.0,341.0,71.0,268.0,32.0,0.7859237536656891,0.6893203883495146
212434,75.0,174.0,55.0,127.0,20.0,0.7298850574712644,0.7333333333333333
212577,114.0,538.0,94.0,462.0,20.0,0.8587360594795539,0.8245614035087719
212601,191.0,459.0,112.0,333.0,79.0,0.7254901960784313,0.5863874345549738
212656,103.0,186.0,69.0,133.0,34.0,0.7150537634408602,0.6699029126213593
212674,102.0,594.0,85.0,486.0,17.0,0.8181818181818182,0.8333333333333334
212832,83.0,146.0,37.0,98.0,46.0,0.6712328767123288,0.4457831325301205
212869,179.0,69.0,77.0,29.0,102.0,0.42028985507246375,0.4301675977653631
212878,1032.0,992.0,232.0,316.0,800.0,0.3185483870967742,0.2248062015503876
212911,54.0,295.0,50.0,269.0,4.0,0.911864406779661,0.9259259259259259
212975,57.0,52.0,51.0,48.0,6.0,0.9230769230769231,0.8947368421052632
212984,147.0,189.0,75.0,121.0,72.0,0.6402116402116402,0.5102040816326531
213011,68.0,156.0,35.0,98.0,33.0,0.6282051282051282,0.5147058823529411
213020,1073.0,1329.0,434.0,836.0,639.0,0.6290443942814146,0.4044734389561976
213181,162.0,71.0,120.0,59.0,42.0,0.8309859154929577,0.7407407407407407
213233,94.0,79.0,66.0,38.0,28.0,0.4810126582278481,0.7021276595744681
213251,118.0,278.0,78.0,200.0,40.0,0.7194244604316546,0.6610169491525424
213303,162.0,129.0,62.0,65.0,100.0,0.5038759689922481,0.38271604938271603
213321,153.0,425.0,84.0,247.0,69.0,0.5811764705882353,0.5490196078431373
213349,580.0,1149.0,293.0,682.0,287.0,0.5935596170583116,0.5051724137931034
213358,119.0,173.0,70.0,92.0,49.0,0.5317919075144508,0.5882352941176471
213367,393.0,480.0,238.0,327.0,155.0,0.68125,0.6055979643765903
213376,268.0,115.0,110.0,55.0,158.0,0.4782608695652174,0.41044776119402987
213385,63.0,585.0,57.0,522.0,6.0,0.8923076923076924,0.9047619047619048
213400,105.0,112.0,69.0,69.0,36.0,0.6160714285714286,0.6571428571428571
213507,117.0,309.0,65.0,226.0,52.0,0.7313915857605178,0.5555555555555556
213525,568.0,572.0,133.0,154.0,435.0,0.2692307692307692,0.23415492957746478
213534,401.0,203.0,158.0,160.0,243.0,0.7881773399014779,0.3940149625935162
213543,185.0,1081.0,169.0,992.0,16.0,0.9176688251618872,0.9135135135135135
213570,275.0,61.0,183.0,40.0,92.0,0.6557377049180327,0.6654545454545454
213598,359.0,183.0,147.0,94.0,212.0,0.5136612021857924,0.40947075208913647
213659,610.0,464.0,154.0,132.0,456.0,0.28448275862068967,0.25245901639344265
213668,148.0,197.0,95.0,128.0,53.0,0.649746192893401,0.6418918918918919
213826,91.0,235.0,61.0,190.0,30.0,0.8085106382978723,0.6703296703296703
213914,72.0,61.0,45.0,40.0,27.0,0.6557377049180327,0.625
213987,353.0,570.0,184.0,394.0,169.0,0.6912280701754386,0.5212464589235127
213996,132.0,555.0,91.0,447.0,41.0,0.8054054054054054,0.6893939393939394
214041,360.0,992.0,180.0,600.0,180.0,0.6048387096774194,0.5
214069,106.0,321.0,72.0,245.0,34.0,0.7632398753894081,0.6792452830188679
214111,538.0,932.0,160.0,328.0,378.0,0.351931330472103,0.29739776951672864
214157,150.0,362.0,95.0,256.0,55.0,0.7071823204419889,0.6333333333333333
214166,125.0,181.0,49.0,97.0,76.0,0.5359116022099447,0.392
214175,66.0,527.0,61.0,432.0,5.0,0.8197343453510436,0.9242424242424242
214272,177.0,214.0,88.0,122.0,89.0,0.5700934579439252,0.4971751412429379
214290,307.0,113.0,230.0,92.0,77.0,0.8141592920353983,0.749185667752443
214379,886.0,707.0,249.0,304.0,637.0,0.42998585572843,0.28103837471783294
214528,109.0,78.0,93.0,49.0,16.0,0.6282051282051282,0.8532110091743119
214591,320.0,847.0,147.0,363.0,173.0,0.42857142857142855,0.459375
214625,68.0,132.0,19.0,38.0,49.0,0.2878787878787879,0.27941176470588236
214634,30.0,37.0,6.0,12.0,24.0,0.32432432432432434,0.2
214643,60.0,68.0,11.0,15.0,49.0,0.22058823529411764,0.18333333333333332
214652,135.0,121.0,47.0,41.0,88.0,0.33884297520661155,0.34814814814814815
214670,96.0,134.0,12.0,20.0,84.0,0.14925373134328357,0.125
214689,376.0,847.0,67.0,138.0,309.0,0.16292798110979928,0.17819148936170212
214698,87.0,142.0,20.0,28.0,67.0,0.19718309859154928,0.22988505747126436
214704,245.0,493.0,82.0,172.0,163.0,0.3488843813387424,0.3346938775510204
214713,239.0,808.0,83.0,184.0,156.0,0.22772277227722773,0.3472803347280335
214731,125.0,204.0,35.0,49.0,90.0,0.24019607843137256,0.28
214740,59.0,121.0,24.0,34.0,35.0,0.2809917355371901,0.4067796610169492
214759,89.0,105.0,20.0,39.0,69.0,0.37142857142857144,0.2247191011235955
214768,130.0,177.0,21.0,31.0,109.0,0.1751412429378531,0.16153846153846155
214777,1118.0,7370.0,856.0,6424.0,262.0,0.8716417910447761,0.7656529516994633
214786,77.0,84.0,22.0,12.0,55.0,0.14285714285714285,0.2857142857142857
214795,104.0,166.0,35.0,46.0,69.0,0.27710843373493976,0.33653846153846156
214801,383.0,516.0,135.0,135.0,248.0,0.2616279069767442,0.3524804177545692
214810,106.0,109.0,26.0,29.0,80.0,0.26605504587155965,0.24528301886792453
214829,75.0,218.0,14.0,22.0,61.0,0.10091743119266056,0.18666666666666668
214892,132.0,59.0,65.0,32.0,67.0,0.5423728813559322,0.49242424242424243
215062,317.0,2112.0,301.0,2058.0,16.0,0.9744318181818182,0.9495268138801262
215114,69.0,84.0,30.0,55.0,39.0,0.6547619047619048,0.43478260869565216
215239,1443.0,650.0,333.0,172.0,1110.0,0.26461538461538464,0.23076923076923078
215266,196.0,208.0,67.0,105.0,129.0,0.5048076923076923,0.34183673469387754
215275,156.0,317.0,56.0,134.0,100.0,0.4227129337539432,0.358974358974359
215284,213.0,513.0,101.0,263.0,112.0,0.5126705653021443,0.47417840375586856
215293,530.0,3507.0,411.0,2991.0,119.0,0.8528656971770744,0.7754716981132076
215309,78.0,43.0,20.0,12.0,58.0,0.27906976744186046,0.2564102564102564
215381,108.0,105.0,66.0,76.0,42.0,0.7238095238095238,0.6111111111111112
215442,252.0,370.0,132.0,228.0,120.0,0.6162162162162163,0.5238095238095238
215585,260.0,105.0,54.0,27.0,206.0,0.2571428571428571,0.2076923076923077
215637,247.0,164.0,107.0,115.0,140.0,0.7012195121951219,0.4331983805668016
215655,294.0,646.0,151.0,452.0,143.0,0.6996904024767802,0.5136054421768708
215682,126.0,97.0,92.0,80.0,34.0,0.8247422680412371,0.7301587301587301
215691,97.0,61.0,60.0,0.0,37.0,0.0,0.6185567010309279
215743,95.0,278.0,61.0,198.0,34.0,0.7122302158273381,0.6421052631578947
215770,232.0,1356.0,171.0,1134.0,61.0,0.8362831858407079,0.7370689655172413
215798,127.0,268.0,88.0,211.0,39.0,0.7873134328358209,0.6929133858267716
215929,212.0,792.0,155.0,651.0,57.0,0.821969696969697,0.7311320754716981
215947,99.0,266.0,58.0,206.0,41.0,0.7744360902255639,0.5858585858585859
216010,503.0,910.0,196.0,524.0,307.0,0.5758241758241758,0.38966202783300197
216038,534.0,1035.0,309.0,748.0,225.0,0.7227053140096619,0.5786516853932584
216083,114.0,64.0,62.0,42.0,52.0,0.65625,0.543859649122807
216278,166.0,475.0,111.0,384.0,55.0,0.8084210526315789,0.6686746987951807
216287,79.0,335.0,75.0,316.0,4.0,0.9432835820895522,0.9493670886075949
216296,249.0,205.0,145.0,143.0,104.0,0.697560975609756,0.5823293172690763
216339,1420.0,3827.0,1020.0,3136.0,400.0,0.8194408152599948,0.7183098591549296
216357,148.0,137.0,45.0,76.0,103.0,0.5547445255474452,0.30405405405405406
216366,163.0,336.0,95.0,242.0,68.0,0.7202380952380952,0.5828220858895705
216454,44.0,38.0,29.0,32.0,15.0,0.8421052631578947,0.6590909090909091
216524,77.0,305.0,56.0,226.0,21.0,0.740983606557377,0.7272727272727273
216542,88.0,72.0,29.0,41.0,59.0,0.5694444444444444,0.32954545454545453
216551,56.0,58.0,12.0,32.0,44.0,0.5517241379310345,0.21428571428571427
216597,163.0,1514.0,149.0,1381.0,14.0,0.9121532364597094,0.9141104294478528
216667,118.0,313.0,83.0,240.0,35.0,0.7667731629392971,0.7033898305084746
216694,162.0,243.0,79.0,162.0,83.0,0.6666666666666666,0.4876543209876543
216764,599.0,1861.0,383.0,1396.0,216.0,0.7501343363782912,0.6393989983305509
216807,139.0,231.0,28.0,214.0,111.0,0.9264069264069265,0.2014388489208633
216825,419.0,391.0,103.0,125.0,316.0,0.319693094629156,0.2458233890214797
216852,186.0,550.0,106.0,394.0,80.0,0.7163636363636363,0.5698924731182796
216931,250.0,430.0,122.0,281.0,128.0,0.6534883720930232,0.488
217013,55.0,76.0,21.0,46.0,34.0,0.6052631578947368,0.38181818181818183
217059,234.0,674.0,130.0,461.0,104.0,0.6839762611275965,0.5555555555555556
217077,381.0,220.0,249.0,200.0,132.0,0.9090909090909091,0.6535433070866141
217156,222.0,1451.0,208.0,1400.0,14.0,0.9648518263266712,0.9369369369369369
217165,123.0,721.0,92.0,610.0,31.0,0.8460471567267683,0.7479674796747967
217235,978.0,1185.0,507.0,764.0,471.0,0.6447257383966245,0.5184049079754601
217305,396.0,267.0,165.0,182.0,231.0,0.6816479400749064,0.4166666666666667
217402,142.0,919.0,116.0,795.0,26.0,0.8650707290533188,0.8169014084507042
217420,633.0,549.0,269.0,291.0,364.0,0.5300546448087432,0.42496050552922593
217475,644.0,595.0,177.0,242.0,467.0,0.40672268907563025,0.2748447204968944
217484,811.0,2556.0,506.0,1936.0,305.0,0.7574334898278561,0.623921085080148
217493,61.0,395.0,55.0,367.0,6.0,0.9291139240506329,0.9016393442622951
217518,175.0,1034.0,110.0,724.0,65.0,0.7001934235976789,0.6285714285714286
217536,115.0,437.0,81.0,336.0,34.0,0.7688787185354691,0.7043478260869566
217615,132.0,223.0,42.0,96.0,90.0,0.4304932735426009,0.3181818181818182
217624,246.0,51.0,45.0,48.0,201.0,0.9411764705882353,0.18292682926829268
217633,176.0,497.0,91.0,320.0,85.0,0.6438631790744467,0.5170454545454546
217688,318.0,403.0,108.0,214.0,210.0,0.5310173697270472,0.33962264150943394
217712,120.0,90.0,25.0,22.0,95.0,0.24444444444444444,0.20833333333333334
217721,588.0,90.0,114.0,33.0,474.0,0.36666666666666664,0.19387755102040816
217749,296.0,328.0,210.0,203.0,86.0,0.6189024390243902,0.7094594594594594
217776,95.0,96.0,58.0,52.0,37.0,0.5416666666666666,0.6105263157894737
217819,571.0,1786.0,326.0,1215.0,245.0,0.6802911534154535,0.5709281961471103
217837,134.0,44.0,31.0,21.0,103.0,0.4772727272727273,0.23134328358208955
217864,170.0,559.0,109.0,408.0,61.0,0.7298747763864043,0.6411764705882353
217873,409.0,93.0,205.0,55.0,204.0,0.5913978494623656,0.5012224938875306
217882,568.0,3135.0,451.0,2732.0,117.0,0.871451355661882,0.7940140845070423
217907,143.0,112.0,54.0,59.0,89.0,0.5267857142857143,0.3776223776223776
217925,42.0,41.0,27.0,39.0,15.0,0.9512195121951219,0.6428571428571429
217934,70.0,77.0,35.0,48.0,35.0,0.6233766233766234,0.5
217961,115.0,135.0,91.0,74.0,24.0,0.5481481481481482,0.7913043478260869
217989,121.0,38.0,33.0,3.0,88.0,0.07894736842105263,0.2727272727272727
217998,94.0,123.0,39.0,59.0,55.0,0.4796747967479675,0.4148936170212766
218025,508.0,305.0,113.0,87.0,395.0,0.28524590163934427,0.22244094488188976
218061,436.0,311.0,159.0,148.0,277.0,0.4758842443729904,0.3646788990825688
218070,106.0,641.0,87.0,552.0,19.0,0.8611544461778471,0.8207547169811321
218113,1101.0,903.0,259.0,336.0,842.0,0.37209302325581395,0.23524069028156222
218140,533.0,413.0,182.0,143.0,351.0,0.34624697336561744,0.34146341463414637
218229,321.0,302.0,132.0,157.0,189.0,0.5198675496688742,0.411214953271028
218238,238.0,180.0,57.0,69.0,181.0,0.38333333333333336,0.23949579831932774
218353,881.0,901.0,185.0,215.0,696.0,0.2386237513873474,0.20998864926220204
218399,217.0,50.0,56.0,6.0,161.0,0.12,0.25806451612903225
218414,148.0,145.0,69.0,78.0,79.0,0.5379310344827586,0.46621621621621623
218441,208.0,276.0,102.0,159.0,106.0,0.5760869565217391,0.49038461538461536
218487,232.0,125.0,63.0,78.0,169.0,0.624,0.27155172413793105
218520,388.0,202.0,131.0,78.0,257.0,0.38613861386138615,0.33762886597938147
218539,102.0,189.0,54.0,135.0,48.0,0.7142857142857143,0.5294117647058824
218645,279.0,352.0,119.0,151.0,160.0,0.4289772727272727,0.4265232974910394
218654,244.0,266.0,79.0,112.0,165.0,0.42105263157894735,0.3237704918032787
218663,801.0,4346.0,552.0,3499.0,249.0,0.8051081454210769,0.6891385767790262
218672,144.0,150.0,26.0,41.0,118.0,0.2733333333333333,0.18055555555555555
218681,203.0,87.0,49.0,25.0,154.0,0.28735632183908044,0.2413793103448276
218690,99.0,113.0,40.0,26.0,59.0,0.23008849557522124,0.40404040404040403
218706,77.0,32.0,17.0,11.0,60.0,0.34375,0.22077922077922077
218724,848.0,1441.0,355.0,752.0,493.0,0.5218598195697433,0.4186320754716981
218733,529.0,132.0,188.0,53.0,341.0,0.4015151515151515,0.3553875236294896
218742,409.0,377.0,178.0,168.0,231.0,0.44562334217506633,0.4352078239608802
218821,250.0,172.0,80.0,66.0,170.0,0.38372093023255816,0.32
218830,487.0,290.0,134.0,110.0,353.0,0.3793103448275862,0.2751540041067762
218858,402.0,154.0,97.0,53.0,305.0,0.34415584415584416,0.24129353233830847
218885,682.0,1200.0,275.0,527.0,407.0,0.43916666666666665,0.4032258064516129
218894,694.0,673.0,176.0,237.0,518.0,0.3521545319465082,0.25360230547550433
218964,479.0,598.0,268.0,403.0,211.0,0.6739130434782609,0.5594989561586639
218973,63.0,377.0,47.0,316.0,16.0,0.8381962864721485,0.746031746031746
218991,510.0,406.0,151.0,146.0,359.0,0.35960591133004927,0.296078431372549
219000,89.0,337.0,59.0,263.0,30.0,0.7804154302670623,0.6629213483146067
219046,195.0,381.0,70.0,182.0,125.0,0.4776902887139108,0.358974358974359
219082,128.0,190.0,51.0,111.0,77.0,0.5842105263157895,0.3984375
219091,65.0,111.0,29.0,63.0,36.0,0.5675675675675675,0.4461538461538462
219143,234.0,368.0,173.0,295.0,61.0,0.8016304347826086,0.7393162393162394
219189,144.0,213.0,97.0,166.0,47.0,0.7793427230046949,0.6736111111111112
219198,46.0,61.0,28.0,33.0,18.0,0.5409836065573771,0.6086956521739131
219259,121.0,204.0,58.0,111.0,63.0,0.5441176470588235,0.4793388429752066
219347,97.0,401.0,52.0,254.0,45.0,0.6334164588528678,0.5360824742268041
219356,510.0,1757.0,259.0,1114.0,251.0,0.6340352874217416,0.5078431372549019
219383,89.0,186.0,44.0,119.0,45.0,0.6397849462365591,0.4943820224719101
219426,178.0,303.0,92.0,205.0,86.0,0.6765676567656765,0.5168539325842697
219471,332.0,857.0,155.0,525.0,177.0,0.6126021003500584,0.46686746987951805
219480,131.0,86.0,57.0,52.0,74.0,0.6046511627906976,0.4351145038167939
219602,951.0,745.0,350.0,390.0,601.0,0.5234899328859061,0.36803364879074657
219639,31.0,36.0,14.0,24.0,17.0,0.6666666666666666,0.45161290322580644
219709,294.0,1351.0,193.0,1008.0,101.0,0.7461139896373057,0.6564625850340136
219718,447.0,268.0,113.0,119.0,334.0,0.44402985074626866,0.25279642058165547
219790,92.0,119.0,35.0,72.0,57.0,0.6050420168067226,0.3804347826086957
219806,259.0,261.0,134.0,164.0,125.0,0.6283524904214559,0.5173745173745173
219824,1012.0,703.0,244.0,234.0,768.0,0.3328591749644381,0.24110671936758893
219833,147.0,192.0,75.0,132.0,72.0,0.6875,0.5102040816326531
219879,461.0,352.0,135.0,153.0,326.0,0.4346590909090909,0.2928416485900217
219888,533.0,737.0,172.0,279.0,361.0,0.378561736770692,0.3227016885553471
219903,931.0,126.0,621.0,78.0,310.0,0.6190476190476191,0.6670247046186896
219949,180.0,270.0,80.0,145.0,100.0,0.5370370370370371,0.4444444444444444
219976,159.0,485.0,98.0,350.0,61.0,0.7216494845360825,0.6163522012578616
220057,327.0,254.0,102.0,74.0,225.0,0.29133858267716534,0.3119266055045872
220075,895.0,1059.0,401.0,678.0,494.0,0.6402266288951841,0.4480446927374302
220118,72.0,39.0,66.0,26.0,6.0,0.6666666666666666,0.9166666666666666
220181,80.0,49.0,38.0,34.0,42.0,0.6938775510204082,0.475
220215,98.0,231.0,54.0,174.0,44.0,0.7532467532467533,0.5510204081632653
220400,770.0,336.0,175.0,134.0,595.0,0.39880952380952384,0.22727272727272727
220473,71.0,61.0,37.0,55.0,34.0,0.9016393442622951,0.5211267605633803
220516,111.0,101.0,39.0,55.0,72.0,0.5445544554455446,0.35135135135135137
220552,227.0,173.0,78.0,89.0,149.0,0.5144508670520231,0.3436123348017621
220598,396.0,51.0,75.0,6.0,321.0,0.11764705882352941,0.1893939393939394
220613,305.0,626.0,159.0,424.0,146.0,0.6773162939297125,0.521311475409836
220631,146.0,180.0,76.0,98.0,70.0,0.5444444444444444,0.5205479452054794
220701,168.0,94.0,37.0,41.0,131.0,0.43617021276595747,0.22023809523809523
220710,191.0,136.0,94.0,84.0,97.0,0.6176470588235294,0.49214659685863876
220862,1483.0,1266.0,609.0,769.0,874.0,0.6074249605055292,0.41065407956844235
220978,1405.0,1584.0,700.0,976.0,705.0,0.6161616161616161,0.498220640569395
221096,810.0,905.0,290.0,403.0,520.0,0.4453038674033149,0.35802469135802467
221148,680.0,243.0,418.0,189.0,262.0,0.7777777777777778,0.6147058823529412
221184,1107.0,566.0,260.0,142.0,847.0,0.2508833922261484,0.23486901535682023
221351,75.0,433.0,54.0,368.0,21.0,0.8498845265588915,0.72
221397,655.0,488.0,202.0,239.0,453.0,0.48975409836065575,0.3083969465648855
221485,1515.0,628.0,287.0,150.0,1228.0,0.23885350318471338,0.18943894389438945
221519,87.0,426.0,73.0,346.0,14.0,0.812206572769953,0.8390804597701149
221643,1174.0,1225.0,324.0,471.0,850.0,0.38448979591836735,0.27597955706984667
221661,174.0,317.0,88.0,212.0,86.0,0.668769716088328,0.5057471264367817
221731,87.0,120.0,38.0,64.0,49.0,0.5333333333333333,0.4367816091954023
221740,691.0,1425.0,306.0,833.0,385.0,0.584561403508772,0.44283646888567296
221759,1314.0,3579.0,802.0,2788.0,512.0,0.7789885442861134,0.6103500761035008
221768,461.0,505.0,203.0,303.0,258.0,0.6,0.4403470715835141
221838,998.0,455.0,333.0,161.0,665.0,0.35384615384615387,0.3336673346693387
221847,605.0,1018.0,329.0,671.0,276.0,0.6591355599214146,0.543801652892562
221892,143.0,263.0,87.0,162.0,56.0,0.6159695817490495,0.6083916083916084
221908,851.0,594.0,286.0,309.0,565.0,0.5202020202020202,0.33607520564042304
221953,190.0,135.0,56.0,54.0,134.0,0.4,0.29473684210526313
221971,89.0,247.0,56.0,169.0,33.0,0.6842105263157895,0.6292134831460674
221999,202.0,1392.0,176.0,1308.0,26.0,0.9396551724137931,0.8712871287128713
222053,1171.0,1003.0,282.0,334.0,889.0,0.33300099700897307,0.2408198121263877
222062,996.0,611.0,316.0,285.0,680.0,0.4664484451718494,0.3172690763052209
222178,252.0,752.0,117.0,495.0,135.0,0.6582446808510638,0.4642857142857143
222567,133.0,344.0,46.0,134.0,87.0,0.38953488372093026,0.3458646616541353
222576,577.0,386.0,253.0,198.0,324.0,0.5129533678756477,0.43847487001733104
222822,315.0,207.0,99.0,69.0,216.0,0.3333333333333333,0.3142857142857143
222831,744.0,835.0,281.0,399.0,463.0,0.47784431137724553,0.37768817204301075
222983,123.0,222.0,91.0,161.0,32.0,0.7252252252252253,0.7398373983739838
222992,995.0,1655.0,296.0,470.0,699.0,0.283987915407855,0.2974874371859296
223232,612.0,2906.0,434.0,2442.0,178.0,0.8403303509979353,0.7091503267973857
223320,347.0,182.0,113.0,51.0,234.0,0.2802197802197802,0.3256484149855908
223427,1644.0,2856.0,264.0,635.0,1380.0,0.22233893557422968,0.16058394160583941
223463,705.0,116.0,422.0,51.0,283.0,0.4396551724137931,0.5985815602836879
223506,78.0,238.0,47.0,119.0,31.0,0.5,0.6025641025641025
223816,855.0,648.0,194.0,161.0,661.0,0.24845679012345678,0.22690058479532163
223898,282.0,205.0,57.0,60.0,225.0,0.2926829268292683,0.20212765957446807
223922,134.0,138.0,67.0,68.0,67.0,0.4927536231884058,0.5
224004,109.0,151.0,33.0,76.0,76.0,0.5033112582781457,0.30275229357798167
224110,409.0,666.0,118.0,213.0,291.0,0.31981981981981983,0.2885085574572127
224147,1034.0,1376.0,370.0,539.0,664.0,0.39171511627906974,0.3578336557059961
224226,139.0,409.0,60.0,249.0,79.0,0.60880195599022,0.4316546762589928
224271,51.0,30.0,48.0,19.0,3.0,0.6333333333333333,0.9411764705882353
224323,90.0,287.0,57.0,217.0,33.0,0.7560975609756098,0.6333333333333333
224350,434.0,276.0,120.0,87.0,314.0,0.31521739130434784,0.2764976958525346
224527,160.0,194.0,50.0,96.0,110.0,0.4948453608247423,0.3125
224545,83.0,115.0,30.0,32.0,53.0,0.2782608695652174,0.3614457831325301
224554,560.0,482.0,247.0,216.0,313.0,0.44813278008298757,0.44107142857142856
224615,898.0,1139.0,324.0,412.0,574.0,0.3617208077260755,0.36080178173719374
224642,2235.0,750.0,722.0,245.0,1513.0,0.32666666666666666,0.32304250559284114
224660,248.0,55.0,190.0,41.0,58.0,0.7454545454545455,0.7661290322580645
224679,384.0,80.0,259.0,52.0,125.0,0.65,0.6744791666666666
224891,120.0,124.0,32.0,30.0,88.0,0.24193548387096775,0.26666666666666666
224961,78.0,92.0,36.0,41.0,42.0,0.44565217391304346,0.46153846153846156
225070,271.0,256.0,98.0,73.0,173.0,0.28515625,0.36162361623616235
225201,149.0,105.0,119.0,84.0,30.0,0.8,0.7986577181208053
225247,132.0,266.0,56.0,175.0,76.0,0.6578947368421053,0.42424242424242425
225308,412.0,304.0,117.0,116.0,295.0,0.3815789473684211,0.28398058252427183
225371,254.0,256.0,71.0,74.0,183.0,0.2890625,0.2795275590551181
225399,275.0,311.0,121.0,169.0,154.0,0.5434083601286174,0.44
225414,89.0,141.0,47.0,88.0,42.0,0.624113475177305,0.5280898876404494
225423,2423.0,2512.0,716.0,861.0,1707.0,0.3427547770700637,0.2955014444903013
225432,524.0,345.0,212.0,104.0,312.0,0.30144927536231886,0.40458015267175573
225502,208.0,112.0,57.0,33.0,151.0,0.29464285714285715,0.27403846153846156
225511,1572.0,2771.0,1015.0,1838.0,557.0,0.6632984482136413,0.6456743002544529
225520,205.0,210.0,52.0,72.0,153.0,0.34285714285714286,0.25365853658536586
225548,155.0,180.0,37.0,73.0,118.0,0.40555555555555556,0.23870967741935484
225575,111.0,36.0,47.0,8.0,64.0,0.2222222222222222,0.42342342342342343
225627,362.0,442.0,176.0,261.0,186.0,0.5904977375565611,0.4861878453038674
225876,109.0,56.0,42.0,19.0,67.0,0.3392857142857143,0.3853211009174312
225885,265.0,38.0,38.0,9.0,227.0,0.23684210526315788,0.14339622641509434
226019,380.0,528.0,155.0,157.0,225.0,0.29734848484848486,0.40789473684210525
226091,707.0,798.0,245.0,380.0,462.0,0.47619047619047616,0.3465346534653465
226107,166.0,187.0,44.0,86.0,122.0,0.45989304812834225,0.26506024096385544
226116,187.0,209.0,70.0,79.0,117.0,0.37799043062200954,0.37433155080213903
226134,694.0,233.0,306.0,100.0,388.0,0.4291845493562232,0.4409221902017291
226152,801.0,323.0,412.0,166.0,389.0,0.5139318885448917,0.5143570536828964
226204,813.0,2330.0,591.0,1583.0,222.0,0.6793991416309013,0.7269372693726938
226231,80.0,193.0,45.0,136.0,35.0,0.7046632124352331,0.5625
226277,493.0,215.0,340.0,168.0,153.0,0.7813953488372093,0.6896551724137931
226383,106.0,220.0,35.0,126.0,71.0,0.5727272727272728,0.330188679245283
226408,95.0,159.0,39.0,62.0,56.0,0.389937106918239,0.4105263157894737
226471,270.0,486.0,112.0,269.0,158.0,0.5534979423868313,0.4148148148148148
226578,741.0,409.0,234.0,146.0,507.0,0.3569682151589242,0.3157894736842105
226587,147.0,146.0,53.0,58.0,94.0,0.3972602739726027,0.36054421768707484
226806,210.0,301.0,62.0,93.0,148.0,0.3089700996677741,0.29523809523809524
226833,349.0,407.0,137.0,193.0,212.0,0.4742014742014742,0.39255014326647564
226903,343.0,290.0,220.0,57.0,123.0,0.19655172413793104,0.641399416909621
227146,776.0,495.0,174.0,165.0,602.0,0.3333333333333333,0.22422680412371135
227182,3237.0,4328.0,1050.0,1591.0,2187.0,0.3676062846580407,0.3243744207599629
227216,1803.0,2866.0,1067.0,1778.0,736.0,0.6203768318213538,0.5917914586799778
227225,356.0,158.0,227.0,63.0,129.0,0.3987341772151899,0.6376404494382022
227304,299.0,389.0,98.0,88.0,201.0,0.2262210796915167,0.3277591973244147
227331,148.0,77.0,55.0,32.0,93.0,0.4155844155844156,0.3716216216216216
227368,2564.0,1155.0,1450.0,671.0,1114.0,0.580952380952381,0.5655226209048362
227377,376.0,68.0,157.0,28.0,219.0,0.4117647058823529,0.4175531914893617
227386,284.0,190.0,103.0,78.0,181.0,0.4105263157894737,0.3626760563380282
227401,649.0,279.0,230.0,109.0,419.0,0.3906810035842294,0.3543913713405239
227526,1321.0,575.0,499.0,310.0,822.0,0.5391304347826087,0.3777441332323997
227687,189.0,219.0,54.0,66.0,135.0,0.3013698630136986,0.2857142857142857
227757,137.0,838.0,130.0,787.0,7.0,0.9391408114558473,0.948905109489051
227845,345.0,540.0,241.0,331.0,104.0,0.6129629629629629,0.6985507246376812
227854,345.0,189.0,127.0,75.0,218.0,0.3968253968253968,0.3681159420289855
227863,134.0,143.0,91.0,92.0,43.0,0.6433566433566433,0.6791044776119403
227881,1243.0,1474.0,659.0,916.0,584.0,0.621438263229308,0.5301689460981497
227924,852.0,578.0,301.0,182.0,551.0,0.314878892733564,0.3532863849765258
227979,1351.0,2197.0,638.0,1045.0,713.0,0.4756486117432863,0.4722427831236121
228042,144.0,185.0,68.0,100.0,76.0,0.5405405405405406,0.4722222222222222
228149,288.0,312.0,143.0,194.0,145.0,0.6217948717948718,0.4965277777777778
228158,1041.0,675.0,333.0,219.0,708.0,0.3244444444444444,0.31988472622478387
228246,155.0,1385.0,123.0,1152.0,32.0,0.8317689530685921,0.7935483870967742
228316,814.0,277.0,404.0,106.0,410.0,0.38267148014440433,0.4963144963144963
228325,190.0,130.0,88.0,73.0,102.0,0.5615384615384615,0.4631578947368421
228343,89.0,291.0,54.0,220.0,35.0,0.7560137457044673,0.6067415730337079
228431,944.0,1410.0,457.0,826.0,487.0,0.5858156028368794,0.4841101694915254
228459,2130.0,3542.0,1097.0,2177.0,1033.0,0.6146245059288538,0.5150234741784038
228468,82.0,56.0,43.0,33.0,39.0,0.5892857142857143,0.524390243902439
228486,47.0,33.0,31.0,15.0,16.0,0.45454545454545453,0.6595744680851063
228501,221.0,139.0,53.0,46.0,168.0,0.33093525179856115,0.2398190045248869
228529,809.0,1257.0,345.0,641.0,464.0,0.5099443118536198,0.4264524103831891
228547,2469.0,2771.0,840.0,881.0,1629.0,0.31793576326236017,0.3402187120291616
228608,271.0,181.0,53.0,36.0,218.0,0.19889502762430938,0.19557195571955718
228699,309.0,153.0,160.0,96.0,149.0,0.6274509803921569,0.517799352750809
228705,676.0,555.0,292.0,289.0,384.0,0.5207207207207207,0.4319526627218935
228723,1917.0,7191.0,1473.0,6236.0,444.0,0.8671951049923515,0.7683881064162754
228769,1278.0,1682.0,708.0,922.0,570.0,0.5481569560047562,0.5539906103286385
228778,1973.0,6659.0,1614.0,6049.0,359.0,0.9083946538519297,0.8180435884439939
228787,724.0,2433.0,516.0,1870.0,208.0,0.7685984381422113,0.712707182320442
228796,1932.0,1195.0,993.0,666.0,939.0,0.5573221757322175,0.5139751552795031
228802,265.0,567.0,110.0,272.0,155.0,0.47971781305114636,0.41509433962264153
228875,212.0,1687.0,161.0,1432.0,51.0,0.8488441019561351,0.7594339622641509
228884,323.0,75.0,44.0,12.0,279.0,0.16,0.13622291021671826
228981,134.0,242.0,63.0,140.0,71.0,0.5785123966942148,0.4701492537313433
229018,201.0,299.0,88.0,130.0,113.0,0.43478260869565216,0.43781094527363185
229027,1958.0,2435.0,1061.0,1392.0,897.0,0.5716632443531827,0.541879468845761
229063,991.0,326.0,257.0,112.0,734.0,0.34355828220858897,0.2593340060544904
229115,1163.0,3599.0,699.0,2543.0,464.0,0.7065851625451515,0.6010318142734308
229160,160.0,174.0,50.0,61.0,110.0,0.3505747126436782,0.3125
229179,652.0,674.0,376.0,309.0,276.0,0.45845697329376855,0.5766871165644172
229267,109.0,551.0,81.0,422.0,28.0,0.7658802177858439,0.7431192660550459
229355,1490.0,1214.0,354.0,409.0,1136.0,0.3369028006589786,0.23758389261744967
229416,426.0,233.0,254.0,153.0,172.0,0.6566523605150214,0.596244131455399
229504,233.0,146.0,67.0,44.0,166.0,0.3013698630136986,0.2875536480686695
229540,213.0,247.0,80.0,110.0,133.0,0.44534412955465585,0.3755868544600939
229780,185.0,141.0,31.0,44.0,154.0,0.3120567375886525,0.16756756756756758
229799,306.0,507.0,86.0,172.0,220.0,0.33925049309664695,0.28104575163398693
229814,509.0,855.0,213.0,416.0,296.0,0.4865497076023392,0.41846758349705304
229832,126.0,177.0,55.0,72.0,71.0,0.4067796610169492,0.4365079365079365
229841,484.0,960.0,155.0,256.0,329.0,0.26666666666666666,0.3202479338842975
229887,209.0,46.0,50.0,0.0,159.0,0.0,0.23923444976076555
230038,787.0,4499.0,650.0,4085.0,137.0,0.9079795510113359,0.8259212198221093
230047,94.0,553.0,58.0,388.0,36.0,0.701627486437613,0.6170212765957447
230171,849.0,1136.0,306.0,526.0,543.0,0.4630281690140845,0.36042402826855124
230418,132.0,389.0,25.0,144.0,107.0,0.37017994858611825,0.1893939393939394
230597,625.0,945.0,224.0,435.0,401.0,0.4603174603174603,0.3584
230603,507.0,1079.0,278.0,675.0,229.0,0.6255792400370713,0.5483234714003945
230728,1204.0,3114.0,553.0,1985.0,651.0,0.6374438021836866,0.45930232558139533
230737,1066.0,2184.0,458.0,1207.0,608.0,0.5526556776556777,0.42964352720450283
230746,1196.0,1391.0,403.0,496.0,793.0,0.35657800143781454,0.33695652173913043
230764,748.0,2602.0,443.0,1878.0,305.0,0.7217524980784013,0.5922459893048129
230782,888.0,1616.0,370.0,885.0,518.0,0.5476485148514851,0.4166666666666667
230807,117.0,315.0,72.0,208.0,45.0,0.6603174603174603,0.6153846153846154
230816,39.0,157.0,28.0,109.0,11.0,0.6942675159235668,0.717948717948718
230852,168.0,500.0,89.0,345.0,79.0,0.69,0.5297619047619048
230861,136.0,89.0,28.0,24.0,108.0,0.2696629213483146,0.20588235294117646
230959,85.0,620.0,73.0,587.0,12.0,0.9467741935483871,0.8588235294117647
230995,247.0,568.0,125.0,383.0,122.0,0.6742957746478874,0.5060728744939271
231059,72.0,387.0,54.0,292.0,18.0,0.7545219638242894,0.75
231165,514.0,675.0,256.0,370.0,258.0,0.5481481481481482,0.4980544747081712
231174,394.0,2133.0,288.0,1636.0,106.0,0.76699484294421,0.7309644670050761
231411,106.0,197.0,80.0,154.0,26.0,0.7817258883248731,0.7547169811320755
231420,131.0,117.0,51.0,64.0,80.0,0.5470085470085471,0.3893129770992366
231536,257.0,232.0,119.0,106.0,138.0,0.45689655172413796,0.46303501945525294
231554,96.0,87.0,23.0,36.0,73.0,0.41379310344827586,0.23958333333333334
231581,204.0,396.0,104.0,244.0,100.0,0.6161616161616161,0.5098039215686274
231624,161.0,1344.0,137.0,1239.0,24.0,0.921875,0.8509316770186336
231651,146.0,192.0,59.0,117.0,87.0,0.609375,0.4041095890410959
231697,263.0,220.0,106.0,115.0,157.0,0.5227272727272727,0.40304182509505704
231712,153.0,1073.0,110.0,827.0,43.0,0.7707362534948742,0.7189542483660131
231785,140.0,51.0,38.0,21.0,102.0,0.4117647058823529,0.2714285714285714
231873,97.0,66.0,42.0,39.0,55.0,0.5909090909090909,0.4329896907216495
231882,274.0,127.0,106.0,65.0,168.0,0.5118110236220472,0.38686131386861317
232016,49.0,36.0,34.0,24.0,15.0,0.6666666666666666,0.6938775510204082
232025,129.0,156.0,75.0,93.0,54.0,0.5961538461538461,0.5813953488372093
232043,70.0,156.0,36.0,108.0,34.0,0.6923076923076923,0.5142857142857142
232089,292.0,166.0,72.0,59.0,220.0,0.35542168674698793,0.2465753424657534
232186,886.0,2322.0,619.0,1732.0,267.0,0.7459086993970715,0.698645598194131
232195,261.0,528.0,104.0,269.0,157.0,0.509469696969697,0.39846743295019155
232256,46.0,236.0,29.0,178.0,17.0,0.7542372881355932,0.6304347826086957
232265,529.0,769.0,249.0,459.0,280.0,0.5968790637191157,0.4706994328922495
232308,92.0,133.0,52.0,96.0,40.0,0.7218045112781954,0.5652173913043478
232414,335.0,373.0,99.0,154.0,236.0,0.4128686327077748,0.2955223880597015
232423,629.0,3911.0,484.0,3233.0,145.0,0.8266428023523396,0.7694753577106518
232450,394.0,441.0,135.0,177.0,259.0,0.4013605442176871,0.3426395939086294
232557,1265.0,2587.0,597.0,1854.0,668.0,0.7166602241979126,0.47193675889328063
232566,237.0,675.0,132.0,476.0,105.0,0.7051851851851851,0.5569620253164557
232575,224.0,409.0,105.0,199.0,119.0,0.48655256723716384,0.46875
232609,153.0,370.0,76.0,239.0,77.0,0.6459459459459459,0.49673202614379086
232672,157.0,83.0,78.0,47.0,79.0,0.5662650602409639,0.4968152866242038
232681,158.0,780.0,103.0,566.0,55.0,0.7256410256410256,0.6518987341772152
232706,153.0,316.0,91.0,198.0,62.0,0.6265822784810127,0.5947712418300654
232788,264.0,111.0,112.0,75.0,152.0,0.6756756756756757,0.42424242424242425
232867,271.0,258.0,91.0,129.0,180.0,0.5,0.33579335793357934
232937,739.0,300.0,288.0,148.0,451.0,0.49333333333333335,0.38971583220568334
232946,2611.0,3859.0,1108.0,1533.0,1503.0,0.3972531743975123,0.4243584833397166
232982,1185.0,1571.0,513.0,866.0,672.0,0.5512412476129853,0.43291139240506327
233019,225.0,127.0,104.0,49.0,121.0,0.3858267716535433,0.4622222222222222
233037,62.0,30.0,25.0,12.0,37.0,0.4,0.4032258064516129
233116,145.0,241.0,67.0,137.0,78.0,0.5684647302904564,0.46206896551724136
233277,677.0,1096.0,349.0,615.0,328.0,0.5611313868613139,0.5155096011816839
233295,82.0,315.0,58.0,236.0,24.0,0.7492063492063492,0.7073170731707317
233301,67.0,121.0,31.0,62.0,36.0,0.512396694214876,0.4626865671641791
233310,110.0,85.0,46.0,35.0,64.0,0.4117647058823529,0.41818181818181815
233338,271.0,246.0,74.0,93.0,197.0,0.3780487804878049,0.2730627306273063
233374,118.0,697.0,98.0,621.0,20.0,0.890961262553802,0.8305084745762712
233426,130.0,381.0,83.0,281.0,47.0,0.7375328083989501,0.6384615384615384
233541,126.0,336.0,66.0,225.0,60.0,0.6696428571428571,0.5238095238095238
233611,91.0,120.0,37.0,63.0,54.0,0.525,0.4065934065934066
233639,172.0,84.0,73.0,52.0,99.0,0.6190476190476191,0.42441860465116277
233648,340.0,111.0,141.0,61.0,199.0,0.5495495495495496,0.4147058823529412
233718,53.0,81.0,29.0,53.0,24.0,0.654320987654321,0.5471698113207547
233754,442.0,481.0,140.0,191.0,302.0,0.3970893970893971,0.3167420814479638
233772,1599.0,1395.0,449.0,584.0,1150.0,0.41863799283154124,0.28080050031269543
233897,190.0,147.0,73.0,72.0,117.0,0.4897959183673469,0.38421052631578945
233903,252.0,110.0,95.0,60.0,157.0,0.5454545454545454,0.376984126984127
233921,836.0,5116.0,697.0,4493.0,139.0,0.8782251759186864,0.833732057416268
233949,506.0,411.0,185.0,196.0,321.0,0.4768856447688564,0.36561264822134387
234030,1254.0,2941.0,774.0,1984.0,480.0,0.6746004760285618,0.6172248803827751
234076,449.0,3240.0,416.0,3105.0,33.0,0.9583333333333334,0.9265033407572383
234085,61.0,393.0,46.0,307.0,15.0,0.7811704834605598,0.7540983606557377
234155,731.0,306.0,282.0,152.0,449.0,0.49673202614379086,0.3857729138166895
234164,302.0,85.0,113.0,38.0,189.0,0.4470588235294118,0.3741721854304636
234173,159.0,213.0,55.0,109.0,104.0,0.5117370892018779,0.34591194968553457
234207,40.0,425.0,34.0,407.0,6.0,0.9576470588235294,0.85
234377,222.0,123.0,112.0,76.0,110.0,0.6178861788617886,0.5045045045045045
234669,239.0,624.0,92.0,276.0,147.0,0.4423076923076923,0.38493723849372385
234696,62.0,70.0,26.0,33.0,36.0,0.4714285714285714,0.41935483870967744
234711,255.0,213.0,100.0,89.0,155.0,0.41784037558685444,0.39215686274509803
234827,537.0,1016.0,278.0,602.0,259.0,0.59251968503937,0.5176908752327747
234845,285.0,246.0,117.0,115.0,168.0,0.46747967479674796,0.4105263157894737
234933,578.0,722.0,199.0,305.0,379.0,0.4224376731301939,0.34429065743944637
234951,387.0,482.0,172.0,257.0,215.0,0.533195020746888,0.4444444444444444
234979,635.0,733.0,233.0,256.0,402.0,0.34924965893587995,0.3669291338582677
235024,63.0,111.0,30.0,62.0,33.0,0.5585585585585585,0.47619047619047616
235097,709.0,1040.0,345.0,556.0,364.0,0.5346153846153846,0.48660084626234135
235103,303.0,471.0,96.0,165.0,207.0,0.3503184713375796,0.31683168316831684
235149,330.0,847.0,124.0,341.0,206.0,0.4025974025974026,0.37575757575757573
235167,222.0,397.0,90.0,167.0,132.0,0.42065491183879095,0.40540540540540543
235237,708.0,711.0,228.0,273.0,480.0,0.38396624472573837,0.3220338983050847
235316,145.0,1128.0,120.0,1008.0,25.0,0.8936170212765957,0.8275862068965517
235334,245.0,160.0,90.0,64.0,155.0,0.4,0.3673469387755102
235343,450.0,740.0,164.0,301.0,286.0,0.40675675675675677,0.36444444444444446
235431,303.0,500.0,95.0,199.0,208.0,0.398,0.31353135313531355
235671,226.0,314.0,111.0,123.0,115.0,0.39171974522292996,0.4911504424778761
235699,139.0,317.0,56.0,167.0,83.0,0.526813880126183,0.4028776978417266
235750,231.0,123.0,60.0,46.0,171.0,0.37398373983739835,0.2597402597402597
236072,190.0,292.0,57.0,100.0,133.0,0.3424657534246575,0.3
236133,68.0,134.0,42.0,94.0,26.0,0.7014925373134329,0.6176470588235294
236188,281.0,546.0,86.0,193.0,195.0,0.3534798534798535,0.30604982206405695
236212,273.0,158.0,227.0,136.0,46.0,0.8607594936708861,0.8315018315018315
236230,210.0,474.0,129.0,364.0,81.0,0.7679324894514767,0.6142857142857143
236258,150.0,102.0,62.0,48.0,88.0,0.47058823529411764,0.41333333333333333
236328,106.0,568.0,72.0,442.0,34.0,0.778169014084507,0.6792452830188679
236382,205.0,213.0,124.0,116.0,81.0,0.5446009389671361,0.6048780487804878
236452,93.0,157.0,56.0,100.0,37.0,0.6369426751592356,0.6021505376344086
236504,99.0,310.0,42.0,119.0,57.0,0.38387096774193546,0.42424242424242425
236513,290.0,439.0,95.0,151.0,195.0,0.3439635535307517,0.3275862068965517
236577,183.0,523.0,92.0,376.0,91.0,0.7189292543021033,0.5027322404371585
236595,173.0,812.0,119.0,616.0,54.0,0.7586206896551724,0.6878612716763006
236610,286.0,511.0,102.0,211.0,184.0,0.41291585127201563,0.35664335664335667
236638,323.0,467.0,111.0,206.0,212.0,0.4411134903640257,0.34365325077399383
236656,366.0,454.0,131.0,189.0,235.0,0.41629955947136565,0.35792349726775957
236692,938.0,894.0,337.0,371.0,601.0,0.41498881431767337,0.35927505330490406
236708,886.0,1061.0,257.0,340.0,629.0,0.32045240339302544,0.29006772009029347
236753,609.0,1170.0,168.0,350.0,441.0,0.29914529914529914,0.27586206896551724
236887,304.0,316.0,144.0,152.0,160.0,0.4810126582278481,0.47368421052631576
236896,111.0,278.0,65.0,189.0,46.0,0.6798561151079137,0.5855855855855856
236939,1259.0,3275.0,685.0,2208.0,574.0,0.6741984732824428,0.5440826052422557
236948,1302.0,5146.0,1043.0,4446.0,259.0,0.8639720171006607,0.8010752688172043
236975,345.0,327.0,137.0,138.0,208.0,0.42201834862385323,0.39710144927536234
237011,646.0,2260.0,368.0,1570.0,278.0,0.6946902654867256,0.5696594427244582
237039,278.0,324.0,118.0,159.0,160.0,0.49074074074074076,0.4244604316546763
237057,30.0,375.0,25.0,343.0,5.0,0.9146666666666666,0.8333333333333334
237066,153.0,440.0,111.0,342.0,42.0,0.7772727272727272,0.7254901960784313
237109,414.0,244.0,142.0,110.0,272.0,0.45081967213114754,0.34299516908212563
237181,84.0,81.0,25.0,44.0,59.0,0.5432098765432098,0.2976190476190476
237215,137.0,97.0,59.0,54.0,78.0,0.5567010309278351,0.4306569343065693
237312,107.0,187.0,45.0,90.0,62.0,0.48128342245989303,0.4205607476635514
237330,252.0,237.0,87.0,110.0,165.0,0.4641350210970464,0.34523809523809523
237358,114.0,116.0,59.0,52.0,55.0,0.4482758620689655,0.5175438596491229
237367,390.0,385.0,154.0,225.0,236.0,0.5844155844155844,0.39487179487179486
237385,197.0,107.0,89.0,51.0,108.0,0.4766355140186916,0.4517766497461929
237437,164.0,31.0,33.0,4.0,131.0,0.12903225806451613,0.20121951219512196
237525,915.0,1006.0,389.0,625.0,526.0,0.621272365805169,0.42513661202185793
237686,198.0,157.0,62.0,62.0,136.0,0.39490445859872614,0.31313131313131315
237701,371.0,273.0,86.0,98.0,285.0,0.358974358974359,0.23180592991913745
237783,123.0,84.0,29.0,31.0,94.0,0.36904761904761907,0.23577235772357724
237792,228.0,350.0,95.0,175.0,133.0,0.5,0.4166666666666667
237817,351.0,101.0,90.0,39.0,261.0,0.38613861386138615,0.2564102564102564
237899,221.0,197.0,70.0,79.0,151.0,0.4010152284263959,0.3167420814479638
237932,257.0,185.0,144.0,126.0,113.0,0.6810810810810811,0.5603112840466926
237950,153.0,167.0,37.0,70.0,116.0,0.41916167664670656,0.24183006535947713
237969,135.0,257.0,64.0,145.0,71.0,0.5642023346303502,0.4740740740740741
237996,139.0,41.0,79.0,34.0,60.0,0.8292682926829268,0.5683453237410072
238014,239.0,108.0,75.0,39.0,164.0,0.3611111111111111,0.3138075313807531
238032,1468.0,3806.0,733.0,2561.0,735.0,0.6728849185496585,0.4993188010899183
238078,103.0,119.0,44.0,47.0,59.0,0.3949579831932773,0.42718446601941745
238193,101.0,68.0,50.0,44.0,51.0,0.6470588235294118,0.49504950495049505
238263,468.0,932.0,187.0,421.0,281.0,0.4517167381974249,0.3995726495726496
238333,101.0,286.0,63.0,215.0,38.0,0.7517482517482518,0.6237623762376238
238397,85.0,117.0,39.0,78.0,46.0,0.6666666666666666,0.4588235294117647
238458,174.0,505.0,108.0,349.0,66.0,0.691089108910891,0.6206896551724138
238476,234.0,494.0,120.0,351.0,114.0,0.7105263157894737,0.5128205128205128
238616,147.0,360.0,87.0,245.0,60.0,0.6805555555555556,0.5918367346938775
238661,91.0,176.0,50.0,115.0,41.0,0.6534090909090909,0.5494505494505495
238722,127.0,360.0,65.0,282.0,62.0,0.7833333333333333,0.5118110236220472
238759,231.0,250.0,93.0,129.0,138.0,0.516,0.4025974025974026
238980,86.0,123.0,34.0,71.0,52.0,0.5772357723577236,0.3953488372093023
239008,102.0,136.0,53.0,102.0,49.0,0.75,0.5196078431372549
239017,92.0,282.0,61.0,233.0,31.0,0.8262411347517731,0.6630434782608695
239071,99.0,100.0,64.0,49.0,35.0,0.49,0.6464646464646465
239080,121.0,151.0,53.0,87.0,68.0,0.5761589403973509,0.4380165289256198
239105,380.0,1645.0,290.0,1388.0,90.0,0.8437689969604864,0.7631578947368421
239220,170.0,133.0,69.0,70.0,101.0,0.5263157894736842,0.40588235294117647
239248,933.0,613.0,285.0,194.0,648.0,0.3164763458401305,0.3054662379421222
239309,89.0,85.0,50.0,50.0,39.0,0.5882352941176471,0.5617977528089888
239318,167.0,394.0,120.0,284.0,47.0,0.7208121827411168,0.718562874251497
239372,94.0,176.0,54.0,109.0,40.0,0.6193181818181818,0.574468085106383
239390,69.0,51.0,44.0,29.0,25.0,0.5686274509803921,0.6376811594202898
239442,108.0,76.0,58.0,33.0,50.0,0.4342105263157895,0.5370370370370371
239460,153.0,138.0,50.0,67.0,103.0,0.4855072463768116,0.32679738562091504
239488,387.0,414.0,183.0,241.0,204.0,0.5821256038647343,0.4728682170542636
239512,57.0,112.0,28.0,68.0,29.0,0.6071428571428571,0.49122807017543857
239628,79.0,136.0,37.0,84.0,42.0,0.6176470588235294,0.46835443037974683
239716,136.0,455.0,96.0,325.0,40.0,0.7142857142857143,0.7058823529411765
239910,184.0,159.0,102.0,102.0,82.0,0.6415094339622641,0.5543478260869565
240107,88.0,224.0,40.0,153.0,48.0,0.6830357142857143,0.45454545454545453
240116,328.0,354.0,178.0,214.0,150.0,0.6045197740112994,0.5426829268292683
240125,132.0,262.0,56.0,171.0,76.0,0.6526717557251909,0.42424242424242425
240170,267.0,292.0,124.0,132.0,143.0,0.4520547945205479,0.46441947565543074
240189,551.0,1674.0,296.0,1108.0,255.0,0.6618876941457587,0.5372050816696915
240198,193.0,205.0,120.0,133.0,73.0,0.6487804878048781,0.6217616580310881
240268,533.0,1786.0,311.0,1233.0,222.0,0.6903695408734603,0.5834896810506567
240277,284.0,584.0,131.0,340.0,153.0,0.5821917808219178,0.4612676056338028
240329,399.0,1700.0,248.0,1243.0,151.0,0.7311764705882353,0.6215538847117794
240338,66.0,164.0,39.0,116.0,27.0,0.7073170731707317,0.5909090909090909
240365,406.0,1105.0,226.0,677.0,180.0,0.6126696832579186,0.5566502463054187
240374,266.0,401.0,103.0,176.0,163.0,0.4389027431421446,0.38721804511278196
240392,233.0,31.0,87.0,21.0,146.0,0.6774193548387096,0.37339055793991416
240417,457.0,1137.0,180.0,664.0,277.0,0.5839929639401935,0.3938730853391685
240426,121.0,279.0,39.0,132.0,82.0,0.4731182795698925,0.32231404958677684
240444,761.0,5688.0,650.0,5157.0,111.0,0.9066455696202531,0.8541392904073587
240453,1150.0,2024.0,508.0,1091.0,642.0,0.5390316205533597,0.44173913043478263
240462,411.0,1165.0,220.0,771.0,191.0,0.6618025751072961,0.5352798053527981
240471,307.0,821.0,167.0,512.0,140.0,0.6236297198538368,0.5439739413680782
240480,494.0,1117.0,258.0,653.0,236.0,0.5846016114592659,0.5222672064777328
240505,247.0,373.0,102.0,195.0,145.0,0.5227882037533512,0.41295546558704455
240514,116.0,139.0,41.0,65.0,75.0,0.4676258992805755,0.35344827586206895
240596,73.0,128.0,30.0,64.0,43.0,0.5,0.410958904109589
240620,174.0,303.0,66.0,126.0,108.0,0.4158415841584158,0.3793103448275862
240657,149.0,290.0,52.0,148.0,97.0,0.5103448275862069,0.348993288590604
240666,174.0,377.0,75.0,207.0,99.0,0.5490716180371353,0.43103448275862066
240693,171.0,348.0,47.0,148.0,124.0,0.42528735632183906,0.27485380116959063
240718,211.0,222.0,148.0,162.0,63.0,0.7297297297297297,0.7014218009478673
240727,298.0,1286.0,138.0,841.0,160.0,0.6539657853810265,0.46308724832214765
240745,341.0,131.0,95.0,34.0,246.0,0.2595419847328244,0.2785923753665689
240754,248.0,267.0,91.0,108.0,157.0,0.4044943820224719,0.36693548387096775
240790,262.0,64.0,120.0,30.0,142.0,0.46875,0.4580152671755725
241191,148.0,48.0,62.0,16.0,86.0,0.3333333333333333,0.4189189189189189
241216,261.0,38.0,80.0,20.0,181.0,0.5263157894736842,0.3065134099616858
241304,434.0,554.0,354.0,10.0,80.0,0.018050541516245487,0.815668202764977
241377,378.0,84.0,63.0,21.0,315.0,0.25,0.16666666666666666
241410,858.0,110.0,398.0,61.0,460.0,0.5545454545454546,0.46386946386946387
241739,2063.0,128.0,804.0,48.0,1259.0,0.375,0.38972370334464373
242042,290.0,40.0,278.0,23.0,12.0,0.575,0.9586206896551724
242556,416.0,96.0,194.0,43.0,222.0,0.4479166666666667,0.46634615384615385
242583,309.0,54.0,8.0,0.0,301.0,0.0,0.025889967637540454
242617,937.0,110.0,404.0,58.0,533.0,0.5272727272727272,0.4311632870864461
242626,902.0,51.0,345.0,25.0,557.0,0.49019607843137253,0.38248337028824836
242635,812.0,50.0,274.0,21.0,538.0,0.42,0.3374384236453202
242653,638.0,154.0,234.0,69.0,404.0,0.44805194805194803,0.3667711598746082
242662,1042.0,82.0,467.0,38.0,575.0,0.4634146341463415,0.44817658349328215
242705,935.0,87.0,333.0,36.0,602.0,0.41379310344827586,0.35614973262032085
242972,5754.0,561.0,2935.0,266.0,2819.0,0.4741532976827095,0.5100799443865137
243106,834.0,137.0,374.0,75.0,460.0,0.5474452554744526,0.44844124700239807
243115,821.0,111.0,471.0,63.0,350.0,0.5675675675675675,0.5736906211936662
243133,902.0,260.0,825.0,257.0,77.0,0.9884615384615385,0.9146341463414634
243142,770.0,161.0,308.0,53.0,462.0,0.32919254658385094,0.4
243151,611.0,195.0,301.0,111.0,310.0,0.5692307692307692,0.49263502454991814
243179,818.0,147.0,414.0,91.0,404.0,0.6190476190476191,0.5061124694376528
243188,582.0,69.0,105.0,10.0,477.0,0.14492753623188406,0.18041237113402062
243197,1603.0,729.0,860.0,437.0,743.0,0.5994513031550068,0.5364940736119775
243212,650.0,239.0,318.0,104.0,332.0,0.4351464435146444,0.48923076923076925
243221,1965.0,899.0,897.0,485.0,1068.0,0.5394883203559511,0.45648854961832064
243346,1712.0,210.0,670.0,58.0,1042.0,0.2761904761904762,0.39135514018691586
243443,493.0,118.0,198.0,60.0,295.0,0.5084745762711864,0.40162271805273836
243577,351.0,80.0,101.0,32.0,250.0,0.4,0.28774928774928776
243601,2462.0,234.0,863.0,72.0,1599.0,0.3076923076923077,0.3505280259951259
243665,252.0,121.0,76.0,44.0,176.0,0.36363636363636365,0.30158730158730157
243744,248.0,1490.0,231.0,1454.0,17.0,0.9758389261744966,0.9314516129032258
243780,1249.0,6185.0,961.0,5309.0,288.0,0.8583670169765562,0.7694155324259407
243841,494.0,31.0,231.0,28.0,263.0,0.9032258064516129,0.4676113360323887
244279,156.0,42.0,130.0,23.0,26.0,0.5476190476190477,0.8333333333333334
244437,1193.0,1054.0,343.0,282.0,850.0,0.2675521821631879,0.2875104777870914
244446,269.0,130.0,141.0,79.0,128.0,0.6076923076923076,0.5241635687732342
245625,85.0,131.0,37.0,69.0,48.0,0.5267175572519084,0.43529411764705883
245953,101.0,51.0,29.0,23.0,72.0,0.45098039215686275,0.2871287128712871
245962,284.0,57.0,168.0,22.0,116.0,0.38596491228070173,0.5915492957746479
246354,659.0,298.0,246.0,108.0,413.0,0.3624161073825503,0.37329286798179057
246813,261.0,208.0,144.0,115.0,117.0,0.5528846153846154,0.5517241379310345
247603,191.0,293.0,104.0,137.0,87.0,0.46757679180887374,0.5445026178010471
247834,1017.0,2902.0,367.0,1088.0,650.0,0.3749138525155066,0.3608652900688299
247940,299.0,187.0,120.0,92.0,179.0,0.4919786096256685,0.4013377926421405
248934,1427.0,856.0,720.0,438.0,707.0,0.5116822429906542,0.5045550105115627
250027,90.0,66.0,68.0,47.0,22.0,0.7121212121212122,0.7555555555555555
250744,579.0,89.0,249.0,18.0,330.0,0.20224719101123595,0.43005181347150256
251260,547.0,424.0,159.0,154.0,388.0,0.3632075471698113,0.2906764168190128
260691,168.0,136.0,124.0,100.0,44.0,0.7352941176470589,0.7380952380952381
260789,152.0,89.0,78.0,64.0,74.0,0.7191011235955056,0.5131578947368421
262031,350.0,839.0,92.0,268.0,258.0,0.31942789034564956,0.26285714285714284
262129,68.0,163.0,42.0,107.0,26.0,0.656441717791411,0.6176470588235294
262457,134.0,52.0,99.0,24.0,35.0,0.46153846153846156,0.7388059701492538
363633,107.0,58.0,23.0,13.0,84.0,0.22413793103448276,0.21495327102803738
363934,45.0,49.0,35.0,21.0,10.0,0.42857142857142855,0.7777777777777778
364016,274.0,486.0,80.0,139.0,194.0,0.28600823045267487,0.291970802919708
364025,389.0,887.0,83.0,277.0,306.0,0.31228861330326946,0.2133676092544987
366252,510.0,794.0,244.0,502.0,266.0,0.6322418136020151,0.47843137254901963
366261,37.0,52.0,17.0,26.0,20.0,0.5,0.4594594594594595
366395,2027.0,2628.0,639.0,961.0,1388.0,0.3656773211567732,0.3152442032560434
366401,263.0,701.0,159.0,397.0,104.0,0.5663338088445078,0.6045627376425855
366465,194.0,124.0,105.0,82.0,89.0,0.6612903225806451,0.5412371134020618
366535,232.0,89.0,118.0,50.0,114.0,0.5617977528089888,0.5086206896551724
366553,98.0,37.0,10.0,5.0,88.0,0.13513513513513514,0.10204081632653061
366711,930.0,1136.0,544.0,691.0,386.0,0.608274647887324,0.5849462365591398
367112,409.0,54.0,101.0,4.0,308.0,0.07407407407407407,0.2469437652811736
367459,534.0,578.0,149.0,183.0,385.0,0.3166089965397924,0.27902621722846443
368452,63.0,45.0,44.0,29.0,19.0,0.6444444444444445,0.6984126984126984
368629,68.0,48.0,51.0,37.0,17.0,0.7708333333333334,0.75
368911,151.0,45.0,56.0,28.0,95.0,0.6222222222222222,0.3708609271523179
369400,556.0,434.0,307.0,310.0,249.0,0.7142857142857143,0.552158273381295
369668,167.0,148.0,165.0,145.0,2.0,0.9797297297297297,0.9880239520958084
372329,268.0,118.0,229.0,47.0,39.0,0.3983050847457627,0.8544776119402985
372921,276.0,57.0,148.0,33.0,128.0,0.5789473684210527,0.5362318840579711
375416,468.0,140.0,227.0,68.0,241.0,0.4857142857142857,0.48504273504273504
377111,327.0,179.0,174.0,85.0,153.0,0.4748603351955307,0.5321100917431193
377458,110.0,30.0,66.0,14.0,44.0,0.4666666666666667,0.6
377555,285.0,521.0,200.0,362.0,85.0,0.6948176583493282,0.7017543859649122
377564,209.0,311.0,115.0,180.0,94.0,0.5787781350482315,0.5502392344497608
380368,109.0,54.0,34.0,23.0,75.0,0.42592592592592593,0.3119266055045872
380377,65.0,49.0,13.0,8.0,52.0,0.16326530612244897,0.2
382957,255.0,54.0,110.0,22.0,145.0,0.4074074074074074,0.43137254901960786
383190,225.0,175.0,81.0,73.0,144.0,0.41714285714285715,0.36
384333,640.0,543.0,179.0,146.0,461.0,0.26887661141804786,0.2796875
384342,234.0,439.0,78.0,215.0,156.0,0.489749430523918,0.3333333333333333
385619,428.0,227.0,244.0,129.0,184.0,0.5682819383259912,0.5700934579439252
386153,144.0,77.0,76.0,35.0,68.0,0.45454545454545453,0.5277777777777778
392257,994.0,428.0,772.0,299.0,222.0,0.6985981308411215,0.7766599597585513
392415,195.0,33.0,139.0,18.0,56.0,0.5454545454545454,0.7128205128205128
395362,116.0,53.0,38.0,14.0,78.0,0.2641509433962264,0.3275862068965517
399212,373.0,841.0,201.0,443.0,172.0,0.5267538644470868,0.5388739946380697
399869,354.0,99.0,311.0,83.0,43.0,0.8383838383838383,0.8785310734463276
404426,169.0,224.0,45.0,71.0,124.0,0.3169642857142857,0.26627218934911245
404912,158.0,102.0,116.0,86.0,42.0,0.8431372549019608,0.7341772151898734
405076,514.0,195.0,242.0,8.0,272.0,0.041025641025641026,0.4708171206225681
405872,133.0,358.0,54.0,169.0,79.0,0.4720670391061452,0.40601503759398494
406033,139.0,85.0,42.0,29.0,97.0,0.3411764705882353,0.302158273381295
408385,725.0,287.0,379.0,42.0,346.0,0.14634146341463414,0.5227586206896552
408844,370.0,41.0,166.0,29.0,204.0,0.7073170731707317,0.4486486486486487
409315,2753.0,749.0,1028.0,295.0,1725.0,0.3938584779706275,0.3734108245550309
409698,455.0,351.0,296.0,214.0,159.0,0.6096866096866097,0.6505494505494506
412599,416.0,119.0,191.0,66.0,225.0,0.5546218487394958,0.45913461538461536
413413,59.0,44.0,6.0,10.0,53.0,0.22727272727272727,0.1016949152542373
413626,32.0,39.0,1.0,1.0,31.0,0.02564102564102564,0.03125
413680,153.0,107.0,112.0,65.0,41.0,0.6074766355140186,0.7320261437908496
414461,1326.0,114.0,773.0,35.0,553.0,0.30701754385964913,0.5829562594268477
414911,185.0,96.0,67.0,39.0,118.0,0.40625,0.3621621621621622
418533,35.0,37.0,28.0,26.0,7.0,0.7027027027027027,0.8
420024,58.0,40.0,34.0,36.0,24.0,0.9,0.5862068965517241
420370,394.0,34.0,356.0,30.0,38.0,0.8823529411764706,0.9035532994923858
420398,824.0,949.0,363.0,402.0,461.0,0.42360379346680715,0.4405339805825243
420431,101.0,35.0,51.0,22.0,50.0,0.6285714285714286,0.504950495049505
420440,70.0,64.0,28.0,25.0,42.0,0.390625,0.4
420538,168.0,85.0,87.0,36.0,81.0,0.4235294117647059,0.5178571428571429
420556,70.0,71.0,11.0,15.0,59.0,0.2112676056338028,0.15714285714285714
420723,48.0,30.0,13.0,11.0,35.0,0.36666666666666664,0.2708333333333333
423652,54.0,59.0,17.0,20.0,37.0,0.3389830508474576,0.3148148148148148
426314,140.0,414.0,34.0,98.0,106.0,0.23671497584541062,0.24285714285714285
428170,332.0,156.0,256.0,117.0,76.0,0.75,0.7710843373493976
428392,179.0,115.0,85.0,34.0,94.0,0.2956521739130435,0.4748603351955307
430245,474.0,246.0,221.0,77.0,253.0,0.3130081300813008,0.46624472573839665
431141,697.0,245.0,491.0,170.0,206.0,0.6938775510204082,0.7044476327116213
432384,185.0,92.0,115.0,59.0,70.0,0.6413043478260869,0.6216216216216216
433387,50.0,73.0,40.0,60.0,10.0,0.821917808219178,0.8
433660,761.0,1783.0,468.0,1164.0,293.0,0.6528323051037577,0.6149802890932983
434061,829.0,496.0,247.0,197.0,582.0,0.3971774193548387,0.29794933655006034
434140,227.0,61.0,162.0,42.0,65.0,0.6885245901639344,0.7136563876651982
434159,215.0,57.0,171.0,45.0,44.0,0.7894736842105263,0.7953488372093023
434469,63.0,50.0,63.0,50.0,0.0,1.0,1.0
434672,1266.0,948.0,230.0,281.0,1036.0,0.29641350210970463,0.18167456556082148
436304,165.0,201.0,42.0,65.0,123.0,0.32338308457711445,0.2545454545454545
436429,1023.0,835.0,416.0,369.0,607.0,0.4419161676646707,0.4066471163245357
436818,113.0,132.0,70.0,81.0,43.0,0.6136363636363636,0.6194690265486725
436827,76.0,154.0,42.0,96.0,34.0,0.6233766233766234,0.5526315789473685
436836,139.0,219.0,89.0,153.0,50.0,0.6986301369863014,0.6402877697841727
437103,864.0,748.0,185.0,285.0,679.0,0.3810160427807487,0.21412037037037038
437635,262.0,98.0,212.0,75.0,50.0,0.7653061224489796,0.8091603053435115
437936,126.0,50.0,86.0,37.0,40.0,0.74,0.6825396825396826
438258,87.0,41.0,61.0,28.0,26.0,0.6829268292682927,0.7011494252873564
438504,337.0,148.0,188.0,89.0,149.0,0.6013513513513513,0.5578635014836796
438586,92.0,43.0,22.0,12.0,70.0,0.27906976744186046,0.2391304347826087
438735,76.0,31.0,46.0,18.0,30.0,0.5806451612903226,0.6052631578947368
439118,121.0,50.0,91.0,32.0,30.0,0.64,0.7520661157024794
439190,101.0,377.0,32.0,149.0,69.0,0.3952254641909814,0.31683168316831684
439367,483.0,364.0,437.0,289.0,46.0,0.7939560439560439,0.9047619047619048
439570,356.0,63.0,238.0,56.0,118.0,0.8888888888888888,0.6685393258426966
440059,222.0,66.0,139.0,48.0,83.0,0.7272727272727273,0.6261261261261262
440262,232.0,71.0,141.0,50.0,91.0,0.704225352112676,0.6077586206896551
440402,195.0,117.0,99.0,46.0,96.0,0.39316239316239315,0.5076923076923077
440794,66.0,33.0,28.0,14.0,38.0,0.42424242424242425,0.42424242424242425
441025,239.0,192.0,53.0,136.0,186.0,0.7083333333333334,0.2217573221757322
441052,204.0,47.0,156.0,32.0,48.0,0.6808510638297872,0.7647058823529411
441229,156.0,75.0,93.0,51.0,63.0,0.68,0.5961538461538461
441371,9206.0,644.0,5165.0,502.0,4041.0,0.7795031055900621,0.5610471431674995
441423,212.0,60.0,174.0,45.0,38.0,0.75,0.8207547169811321
441742,436.0,76.0,335.0,56.0,101.0,0.7368421052631579,0.768348623853211
441760,218.0,309.0,87.0,128.0,131.0,0.41423948220064727,0.39908256880733944
441858,47.0,35.0,43.0,32.0,4.0,0.9142857142857143,0.9148936170212766
441900,161.0,188.0,53.0,67.0,108.0,0.35638297872340424,0.32919254658385094
441937,502.0,463.0,290.0,281.0,212.0,0.6069114470842333,0.5776892430278885
442134,162.0,59.0,117.0,48.0,45.0,0.8135593220338984,0.7222222222222222
442356,39.0,75.0,28.0,45.0,11.0,0.6,0.717948717948718
442444,144.0,63.0,93.0,44.0,51.0,0.6984126984126984,0.6458333333333334
442569,1973.0,369.0,132.0,40.0,1841.0,0.10840108401084012,0.06690319310694375
442611,370.0,212.0,206.0,137.0,164.0,0.6462264150943396,0.5567567567567567
442879,71.0,85.0,15.0,8.0,56.0,0.09411764705882353,0.2112676056338028
443261,71.0,31.0,56.0,22.0,15.0,0.7096774193548387,0.7887323943661971
443410,50.0,144.0,30.0,91.0,20.0,0.6319444444444444,0.6
443492,265.0,147.0,57.0,64.0,208.0,0.43537414965986393,0.21509433962264152
443650,262.0,285.0,107.0,211.0,155.0,0.7403508771929824,0.4083969465648855
444219,197.0,586.0,92.0,310.0,105.0,0.5290102389078498,0.467005076142132
444556,248.0,150.0,143.0,114.0,105.0,0.76,0.5766129032258065
444954,250.0,182.0,91.0,69.0,159.0,0.3791208791208791,0.364
445027,394.0,143.0,85.0,24.0,309.0,0.16783216783216784,0.21573604060913706
445188,1368.0,688.0,934.0,474.0,434.0,0.688953488372093,0.6827485380116959
445203,384.0,143.0,179.0,77.0,205.0,0.5384615384615384,0.4661458333333333
445230,251.0,56.0,135.0,40.0,116.0,0.7142857142857143,0.5378486055776892
445249,122.0,74.0,61.0,51.0,61.0,0.6891891891891891,0.5
445364,252.0,54.0,133.0,30.0,119.0,0.5555555555555556,0.5277777777777778
445692,88.0,86.0,49.0,51.0,39.0,0.5930232558139535,0.5568181818181818
445708,448.0,263.0,211.0,158.0,237.0,0.6007604562737643,0.47098214285714285
445799,343.0,288.0,196.0,216.0,147.0,0.75,0.5714285714285714
445948,579.0,123.0,390.0,105.0,189.0,0.8536585365853658,0.6735751295336787
446048,75.0,194.0,33.0,102.0,42.0,0.5257731958762887,0.44
446109,91.0,85.0,53.0,71.0,38.0,0.8352941176470589,0.5824175824175825
446118,204.0,46.0,131.0,32.0,73.0,0.6956521739130435,0.6421568627450981
446385,32.0,57.0,20.0,25.0,12.0,0.43859649122807015,0.625
446525,464.0,176.0,208.0,112.0,256.0,0.6363636363636364,0.4482758620689655
446552,252.0,43.0,101.0,18.0,151.0,0.4186046511627907,0.4007936507936508
446561,425.0,214.0,256.0,121.0,169.0,0.5654205607476636,0.6023529411764705
446604,239.0,68.0,200.0,43.0,39.0,0.6323529411764706,0.8368200836820083
446640,106.0,45.0,25.0,23.0,81.0,0.5111111111111111,0.2358490566037736
446774,210.0,138.0,85.0,62.0,125.0,0.4492753623188406,0.40476190476190477
447351,112.0,44.0,74.0,27.0,38.0,0.6136363636363636,0.6607142857142857
447582,254.0,88.0,61.0,30.0,193.0,0.3409090909090909,0.24015748031496062
447591,393.0,137.0,312.0,107.0,81.0,0.781021897810219,0.7938931297709924
447689,1543.0,993.0,321.0,257.0,1222.0,0.2588116817724068,0.20803629293583928
447768,300.0,79.0,211.0,63.0,89.0,0.7974683544303798,0.7033333333333334
447810,152.0,69.0,114.0,57.0,38.0,0.8260869565217391,0.75
447953,97.0,32.0,46.0,21.0,51.0,0.65625,0.4742268041237113
448433,384.0,197.0,253.0,150.0,131.0,0.7614213197969543,0.6588541666666666
448594,343.0,246.0,170.0,127.0,173.0,0.516260162601626,0.4956268221574344
448673,140.0,36.0,56.0,24.0,84.0,0.6666666666666666,0.4
449074,146.0,108.0,113.0,86.0,33.0,0.7962962962962963,0.773972602739726
449250,377.0,263.0,308.0,220.0,69.0,0.8365019011406845,0.8169761273209549
449339,391.0,361.0,215.0,235.0,176.0,0.6509695290858726,0.5498721227621484
450401,246.0,118.0,183.0,59.0,63.0,0.5,0.7439024390243902
450696,176.0,60.0,118.0,31.0,58.0,0.5166666666666667,0.6704545454545454
450933,350.0,321.0,119.0,104.0,231.0,0.32398753894080995,0.34
451103,47.0,61.0,33.0,44.0,14.0,0.7213114754098361,0.7021276595744681
451228,78.0,45.0,57.0,35.0,21.0,0.7777777777777778,0.7307692307692307
451352,111.0,59.0,81.0,49.0,30.0,0.8305084745762712,0.7297297297297297
451477,185.0,96.0,131.0,78.0,54.0,0.8125,0.7081081081081081
451556,406.0,59.0,387.0,17.0,19.0,0.288135593220339,0.9532019704433498
451750,163.0,50.0,24.0,7.0,139.0,0.14,0.147239263803681
451857,226.0,93.0,130.0,63.0,96.0,0.6774193548387096,0.5752212389380531
451866,256.0,66.0,113.0,57.0,143.0,0.8636363636363636,0.44140625
453792,97.0,68.0,74.0,56.0,23.0,0.8235294117647058,0.7628865979381443
454810,389.0,609.0,222.0,316.0,167.0,0.5188834154351396,0.570694087403599
454865,52.0,51.0,28.0,44.0,24.0,0.8627450980392157,0.5384615384615384
455114,689.0,465.0,206.0,171.0,483.0,0.36774193548387096,0.29898403483309144
455512,156.0,141.0,59.0,67.0,97.0,0.475177304964539,0.3782051282051282
456038,150.0,204.0,115.0,176.0,35.0,0.8627450980392157,0.7666666666666667
456205,243.0,209.0,87.0,167.0,156.0,0.7990430622009569,0.35802469135802467
456214,137.0,43.0,107.0,33.0,30.0,0.7674418604651163,0.781021897810219
456579,325.0,208.0,130.0,164.0,195.0,0.7884615384615384,0.4
456852,127.0,48.0,79.0,17.0,48.0,0.3541666666666667,0.6220472440944882
456959,54.0,91.0,31.0,54.0,23.0,0.5934065934065934,0.5740740740740741
457536,187.0,123.0,130.0,98.0,57.0,0.7967479674796748,0.6951871657754011
458405,332.0,478.0,120.0,380.0,212.0,0.7949790794979079,0.3614457831325301
458441,380.0,85.0,99.0,49.0,281.0,0.5764705882352941,0.26052631578947366
459204,383.0,248.0,284.0,195.0,99.0,0.7862903225806451,0.741514360313316
459213,172.0,86.0,134.0,51.0,38.0,0.5930232558139535,0.7790697674418605
459949,279.0,218.0,88.0,88.0,191.0,0.4036697247706422,0.3154121863799283
459958,216.0,42.0,158.0,18.0,58.0,0.42857142857142855,0.7314814814814815
459967,578.0,199.0,280.0,46.0,298.0,0.23115577889447236,0.4844290657439446
459985,348.0,168.0,264.0,56.0,84.0,0.3333333333333333,0.7586206896551724
460136,306.0,165.0,218.0,141.0,88.0,0.8545454545454545,0.7124183006535948
460181,405.0,82.0,313.0,59.0,92.0,0.7195121951219512,0.7728395061728395
460190,256.0,50.0,197.0,28.0,59.0,0.56,0.76953125
460206,400.0,94.0,327.0,67.0,73.0,0.7127659574468085,0.8175
460394,367.0,306.0,134.0,114.0,233.0,0.37254901960784315,0.3651226158038147
460464,369.0,486.0,172.0,222.0,197.0,0.4567901234567901,0.46612466124661245
460543,329.0,203.0,200.0,136.0,129.0,0.6699507389162561,0.60790273556231
460756,173.0,64.0,169.0,59.0,4.0,0.921875,0.976878612716763
460817,264.0,332.0,100.0,275.0,164.0,0.8283132530120482,0.3787878787878788
460826,261.0,128.0,75.0,86.0,186.0,0.671875,0.28735632183908044
460835,996.0,284.0,152.0,140.0,844.0,0.49295774647887325,0.15261044176706828
461014,885.0,286.0,299.0,96.0,586.0,0.3356643356643357,0.33785310734463275
461023,78.0,37.0,20.0,19.0,58.0,0.5135135135135135,0.2564102564102564
461148,192.0,869.0,110.0,571.0,82.0,0.6570771001150748,0.5729166666666666
461795,54.0,78.0,6.0,26.0,48.0,0.3333333333333333,0.1111111111111111
461856,247.0,45.0,212.0,35.0,35.0,0.7777777777777778,0.8582995951417004
463056,207.0,244.0,135.0,158.0,72.0,0.6475409836065574,0.6521739130434783
469629,110.0,62.0,68.0,40.0,42.0,0.6451612903225806,0.6181818181818182
475121,256.0,66.0,11.0,6.0,245.0,0.09090909090909091,0.04296875
475176,138.0,41.0,95.0,30.0,43.0,0.7317073170731707,0.6884057971014492
475565,387.0,117.0,179.0,52.0,208.0,0.4444444444444444,0.4625322997416021
476726,69.0,45.0,64.0,28.0,5.0,0.6222222222222222,0.927536231884058
476939,358.0,231.0,310.0,213.0,48.0,0.922077922077922,0.8659217877094972
479956,79.0,83.0,20.0,35.0,59.0,0.42168674698795183,0.25316455696202533
480037,397.0,172.0,252.0,127.0,145.0,0.7383720930232558,0.6347607052896725
480091,499.0,98.0,131.0,14.0,368.0,0.14285714285714285,0.2625250501002004
480204,212.0,64.0,117.0,39.0,95.0,0.609375,0.5518867924528302
480824,149.0,50.0,118.0,33.0,31.0,0.66,0.7919463087248322
480833,492.0,275.0,418.0,231.0,74.0,0.84,0.8495934959349594
480967,42.0,33.0,14.0,7.0,28.0,0.21212121212121213,0.3333333333333333
482015,307.0,366.0,239.0,115.0,68.0,0.31420765027322406,0.7785016286644951
482149,329.0,510.0,138.0,295.0,191.0,0.5784313725490197,0.4194528875379939
482158,810.0,576.0,199.0,190.0,611.0,0.3298611111111111,0.24567901234567902
482431,43.0,32.0,11.0,9.0,32.0,0.28125,0.2558139534883721
482477,352.0,160.0,140.0,60.0,212.0,0.375,0.3977272727272727
482680,1393.0,2704.0,522.0,1193.0,871.0,0.441198224852071,0.3747307968413496
482699,604.0,297.0,105.0,78.0,499.0,0.26262626262626265,0.173841059602649
483045,695.0,297.0,309.0,161.0,386.0,0.5420875420875421,0.4446043165467626
483212,518.0,180.0,131.0,45.0,387.0,0.25,0.2528957528957529
483504,380.0,53.0,144.0,17.0,236.0,0.32075471698113206,0.37894736842105264
484066,101.0,63.0,92.0,39.0,9.0,0.6190476190476191,0.9108910891089109
484367,216.0,40.0,94.0,13.0,122.0,0.325,0.4351851851851852
484376,334.0,35.0,118.0,22.0,216.0,0.6285714285714286,0.3532934131736527
484473,112.0,298.0,89.0,239.0,23.0,0.802013422818792,0.7946428571428571
484613,3972.0,2437.0,866.0,494.0,3106.0,0.20270824784571195,0.21802618328298087
484905,177.0,91.0,86.0,33.0,91.0,0.3626373626373626,0.4858757062146893
484932,201.0,147.0,77.0,70.0,124.0,0.47619047619047616,0.38308457711442784
485111,1264.0,871.0,372.0,296.0,892.0,0.33983926521239954,0.29430379746835444
485458,135.0,105.0,67.0,79.0,68.0,0.7523809523809524,0.4962962962962963
485768,38.0,33.0,24.0,10.0,14.0,0.30303030303030304,0.631578947368421
486284,31.0,46.0,23.0,36.0,8.0,0.782608695652174,0.7419354838709677
486813,93.0,31.0,71.0,21.0,22.0,0.6774193548387096,0.7634408602150538
486822,159.0,113.0,113.0,91.0,46.0,0.8053097345132744,0.710691823899371
486840,1839.0,3623.0,871.0,1858.0,968.0,0.5128346674027049,0.47362697117998914
486901,58.0,138.0,28.0,97.0,30.0,0.7028985507246377,0.4827586206896552
487092,95.0,406.0,91.0,384.0,4.0,0.9458128078817734,0.9578947368421052
487162,377.0,119.0,175.0,54.0,202.0,0.453781512605042,0.46419098143236076
487302,118.0,30.0,69.0,19.0,49.0,0.6333333333333333,0.5847457627118644
487311,181.0,72.0,115.0,51.0,66.0,0.7083333333333334,0.6353591160220995
487320,1073.0,736.0,441.0,314.0,632.0,0.4266304347826087,0.4109972041006524
487524,285.0,335.0,150.0,219.0,135.0,0.6537313432835821,0.5263157894736842
487597,286.0,74.0,196.0,57.0,90.0,0.7702702702702703,0.6853146853146853
487603,39.0,44.0,15.0,19.0,24.0,0.4318181818181818,0.38461538461538464
488077,101.0,310.0,48.0,147.0,53.0,0.47419354838709676,0.4752475247524752
488679,535.0,498.0,197.0,245.0,338.0,0.4919678714859438,0.36822429906542054
489201,238.0,615.0,108.0,328.0,130.0,0.5333333333333333,0.453781512605042
489283,301.0,95.0,267.0,82.0,34.0,0.8631578947368421,0.8870431893687708
490805,459.0,813.0,185.0,406.0,274.0,0.4993849938499385,0.40305010893246185
490878,64.0,42.0,37.0,18.0,27.0,0.42857142857142855,0.578125
492962,346.0,53.0,46.0,23.0,300.0,0.4339622641509434,0.1329479768786127
494843,373.0,78.0,252.0,53.0,121.0,0.6794871794871795,0.675603217158177
494852,148.0,73.0,123.0,58.0,25.0,0.7945205479452054,0.831081081081081
497277,157.0,116.0,128.0,79.0,29.0,0.6810344827586207,0.8152866242038217
498562,1275.0,1977.0,576.0,1198.0,699.0,0.6059686393525544,0.45176470588235296
498571,1347.0,1584.0,542.0,899.0,805.0,0.5675505050505051,0.4023756495916852
499495,235.0,96.0,191.0,52.0,44.0,0.5416666666666666,0.8127659574468085
